331,A,-0.03
331,C,-0.09
331,D,0.03
331,E,0.0
331,F,-0.1
331,G,-0.04
331,H,-0.02
331,I,-0.07
331,K,-0.01
331,L,-0.05
331,M,-0.02
331,N,0.0
331,P,-0.03
331,Q,0.01
331,R,-0.02
331,S,-0.03
331,T,0.06
331,V,-0.04
331,W,-0.16
331,Y,-0.06
332,A,0.0
332,C,-0.09
332,D,-0.02
332,E,0.08
332,F,-0.22
332,G,-0.08
332,H,0.04
332,I,0.0
332,K,-0.05
332,L,0.0
332,M,0.0
332,N,0.0
332,P,0.06
332,Q,-0.02
332,R,0.0
332,S,-0.04
332,T,-0.03
332,V,0.0
332,W,-0.03
332,Y,-0.03
333,A,-0.01
333,C,-0.14
333,D,-0.01
333,E,-0.15
333,F,-0.15
333,G,-0.07
333,H,-0.07
333,I,-0.06
333,K,-0.01
333,L,-0.01
333,M,-0.02
333,N,-0.06
333,P,0.03
333,Q,0.02
333,R,0.0
333,S,-0.08
333,T,0.0
333,V,-0.05
333,W,-0.21
333,Y,-0.07
334,A,-0.03
334,C,-0.11
334,D,0.07
334,E,0.01
334,F,-0.22
334,G,-0.03
334,H,-0.02
334,I,-0.2
334,K,-0.03
334,L,-0.2
334,M,-0.05
334,N,0.0
334,P,-0.18
334,Q,0.01
334,R,0.0
334,S,-0.06
334,T,-0.04
334,V,-0.07
334,W,-0.24
334,Y,-0.09
335,A,0.04
335,C,-0.11
335,D,0.0
335,E,0.06
335,F,-0.03
335,G,-0.08
335,H,-0.03
335,I,-0.02
335,K,-0.03
335,L,0.0
335,M,0.01
335,N,0.03
335,P,0.06
335,Q,-0.02
335,R,-0.01
335,S,0.01
335,T,0.02
335,V,-0.08
335,W,-0.05
335,Y,-0.02
336,A,-0.69
336,C,0.0
336,D,-0.48
336,E,-0.61
336,F,-0.57
336,G,-0.65
336,H,-0.71
336,I,-0.75
336,K,-0.93
336,L,-0.81
336,M,-0.75
336,N,-0.51
336,P,-0.93
336,Q,-0.68
336,R,-0.99
336,S,-0.65
336,T,-0.58
336,V,-0.62
336,W,-0.81
336,Y,-0.7
337,A,-0.09
337,C,-0.18
337,D,0.06
337,E,-0.01
337,F,-0.45
337,G,-0.15
337,H,-0.09
337,I,-0.54
337,K,-0.05
337,L,-0.27
337,M,-0.19
337,N,-0.03
337,P,0.0
337,Q,-0.21
337,R,-0.14
337,S,-0.1
337,T,-0.13
337,V,-0.4
337,W,-0.4
337,Y,-0.26
338,A,-0.97
338,C,-0.95
338,D,-1.11
338,E,-1.04
338,F,0.0
338,G,-1.08
338,H,-0.97
338,I,-0.15
338,K,-1.49
338,L,-0.03
338,M,-0.15
338,N,-1.13
338,P,-0.93
338,Q,-1.04
338,R,-1.66
338,S,-1.03
338,T,-0.93
338,V,-0.55
338,W,0.04
338,Y,-0.05
339,A,0.0
339,C,-0.37
339,D,0.06
339,E,-0.03
339,F,-0.11
339,G,0.0
339,H,0.01
339,I,-0.21
339,K,-0.11
339,L,-0.22
339,M,-0.15
339,N,0.02
339,P,-0.14
339,Q,-0.05
339,R,-0.1
339,S,0.02
339,T,-0.05
339,V,-0.18
339,W,-0.09
339,Y,-0.03
340,A,-0.09
340,C,-0.44
340,D,0.01
340,E,0.0
340,F,-0.64
340,G,-0.27
340,H,-0.27
340,I,-0.39
340,K,-0.11
340,L,-0.21
340,M,-0.18
340,N,-0.23
340,P,-0.21
340,Q,-0.05
340,R,-0.28
340,S,-0.1
340,T,-0.18
340,V,-0.26
340,W,-0.63
340,Y,-0.55
341,A,-0.86
341,C,-0.88
341,D,-0.94
341,E,-0.97
341,F,-0.51
341,G,-1.06
341,H,-0.99
341,I,0.02
341,K,-1.67
341,L,-0.15
341,M,-0.52
341,N,-1.02
341,P,-0.93
341,Q,-0.97
341,R,-1.37
341,S,-0.87
341,T,-0.59
341,V,0.0
341,W,-0.47
341,Y,-0.65
342,A,-0.99
342,C,-1.01
342,D,-1.55
342,E,-1.51
342,F,0.0
342,G,-1.41
342,H,-1.54
342,I,-0.15
342,K,-1.07
342,L,-0.28
342,M,-0.3
342,N,-1.6
342,P,-1.79
342,Q,-1.35
342,R,-1.22
342,S,-1.34
342,T,-0.78
342,V,-0.38
342,W,-0.73
342,Y,-0.89
343,A,-0.38
343,C,-0.76
343,D,-0.37
343,E,-0.25
343,F,-0.45
343,G,-0.2
343,H,-0.31
343,I,-0.96
343,K,-0.31
343,L,-0.58
343,M,-0.49
343,N,0.0
343,P,-1.47
343,Q,-0.29
343,R,-0.42
343,S,-0.32
343,T,-0.35
343,V,-0.82
343,W,-0.5
343,Y,-0.46
344,A,0.0
344,C,-0.4
344,D,-0.41
344,E,-0.26
344,F,-0.83
344,G,-0.32
344,H,-0.46
344,I,-0.41
344,K,-0.1
344,L,-0.62
344,M,-0.43
344,N,-0.14
344,P,-0.74
344,Q,-0.1
344,R,-0.17
344,S,-0.14
344,T,-0.37
344,V,-0.46
344,W,-0.92
344,Y,-0.81
345,A,-0.12
345,C,-0.64
345,D,-0.12
345,E,-0.09
345,F,-0.58
345,G,-0.35
345,H,-0.26
345,I,-0.42
345,K,-0.07
345,L,-0.25
345,M,-0.37
345,N,-0.21
345,P,-0.06
345,Q,-0.15
345,R,-0.13
345,S,-0.02
345,T,0.0
345,V,-0.28
345,W,-0.62
345,Y,-0.48
346,A,-0.02
346,C,-0.12
346,D,0.01
346,E,0.0
346,F,-0.02
346,G,-0.11
346,H,0.08
346,I,-0.01
346,K,-0.01
346,L,-0.04
346,M,-0.02
346,N,0.03
346,P,-0.38
346,Q,-0.01
346,R,0.0
346,S,0.04
346,T,0.06
346,V,0.06
346,W,-0.06
346,Y,0.07
347,A,-0.87
347,C,-1.0
347,D,-3.13
347,E,-1.47
347,F,0.0
347,G,-0.98
347,H,-0.72
347,I,-0.79
347,K,-1.6
347,L,-0.87
347,M,-0.43
347,N,-2.15
347,P,-0.75
347,Q,-1.04
347,R,-1.17
347,S,-0.89
347,T,-1.08
347,V,-0.72
347,W,0.0
347,Y,-0.32
348,A,0.0
348,C,-0.26
348,D,-0.07
348,E,-0.13
348,F,-0.29
348,G,-0.1
348,H,0.0
348,I,-0.99
348,K,-0.23
348,L,-0.63
348,M,-0.3
348,N,0.0
348,P,-0.06
348,Q,-0.12
348,R,-0.24
348,S,0.01
348,T,-0.18
348,V,-0.49
348,W,-0.46
348,Y,-0.1
349,A,-0.34
349,C,-0.12
349,D,-0.5
349,E,-1.15
349,F,-2.03
349,G,-0.59
349,H,-0.72
349,I,-4.25
349,K,-0.87
349,L,-1.91
349,M,-0.87
349,N,-0.26
349,P,-0.11
349,Q,-0.83
349,R,-0.96
349,S,0.0
349,T,-0.76
349,V,-1.92
349,W,-1.9
349,Y,-1.8
350,A,-0.4
350,C,-1.48
350,D,-4.8
350,E,-4.59
350,G,-1.9
350,H,-4.8
350,I,-0.23
350,K,-4.8
350,L,-1.69
350,M,-3.54
350,N,-2.44
350,P,-0.22
350,Q,-4.1
350,R,-4.8
350,S,-0.94
350,T,-0.8
350,V,0.0
350,W,-4.71
350,Y,-4.14
351,A,-0.87
351,C,-0.6
351,D,-2.72
351,E,-1.5
351,F,-0.08
351,G,-1.65
351,H,-0.27
351,I,-0.79
351,K,-2.5
351,L,-0.92
351,M,-0.58
351,N,-0.77
351,P,-0.81
351,Q,-1.01
351,R,-2.97
351,S,-0.71
351,T,-0.82
351,V,-0.29
351,W,-0.19
351,Y,0.0
352,A,0.0
352,C,-0.11
352,D,-0.03
352,E,-0.03
352,F,-0.29
352,G,-0.19
352,H,-0.06
352,I,-0.49
352,K,-0.08
352,L,-0.31
352,M,-0.02
352,N,-0.04
352,P,-3.21
352,Q,-0.03
352,R,-0.05
352,S,-0.06
352,T,-0.27
352,V,-0.52
352,W,-0.44
352,Y,-0.14
353,A,-1.34
353,C,-1.22
353,D,-2.39
353,E,-1.83
353,F,-0.08
353,G,-2.17
353,H,-0.95
353,I,-2.65
353,K,-2.46
353,L,-2.15
353,M,-1.68
353,N,-2.68
353,P,-0.62
353,Q,-1.36
353,R,-1.62
353,S,-0.98
353,T,-2.75
353,V,-1.26
353,W,0.0
353,Y,-0.28
354,A,-0.04
354,C,-0.29
354,D,-0.04
354,E,0.0
354,F,-0.57
354,G,-0.06
354,H,-0.07
354,I,-0.39
354,K,0.03
354,L,-0.56
354,M,-0.23
354,N,0.0
354,P,-0.9
354,Q,0.0
354,R,0.05
354,S,0.04
354,T,0.02
354,V,-0.16
354,W,-1.05
354,Y,-0.38
355,A,-1.54
355,C,-1.88
355,D,-3.89
355,E,-1.27
355,F,-3.01
355,G,-2.15
355,H,-0.38
355,I,-3.34
355,K,-1.08
355,L,-4.33
355,M,-2.1
355,N,-1.38
355,P,-3.41
355,Q,-0.85
355,R,0.0
355,S,-0.68
355,T,-0.64
355,V,-2.38
355,W,-1.98
355,Y,-3.0
356,A,-0.14
356,C,-0.2
356,D,-0.39
356,E,-0.21
356,F,-0.15
356,G,-0.9
356,H,-0.14
356,I,-0.04
356,K,0.0
356,L,-0.07
356,M,-0.02
356,N,-0.28
356,P,-4.2
356,Q,-0.12
356,R,0.03
356,S,-0.15
356,T,0.04
356,V,0.01
356,W,-0.42
356,Y,-0.12
357,A,-0.01
357,C,-0.04
357,D,-0.06
357,E,0.01
357,F,-0.14
357,G,-0.42
357,H,-0.08
357,I,-0.04
357,K,0.05
357,L,-0.06
357,M,-0.07
357,N,-0.03
357,P,-0.19
357,Q,-0.05
357,R,0.0
357,S,-0.06
357,T,-0.07
357,V,0.01
357,W,-0.15
357,Y,-0.06
358,A,-0.7
358,C,-0.41
358,D,-1.81
358,E,-1.08
358,F,0.1
358,G,-0.74
358,H,-0.64
358,I,0.0
358,K,-1.25
358,L,0.0
358,M,-0.01
358,N,-0.91
358,P,-2.18
358,Q,-0.93
358,R,-1.3
358,S,-0.78
358,T,-0.83
358,V,-0.14
358,W,0.07
358,Y,-0.01
359,A,-0.02
359,C,-0.05
359,D,-0.01
359,E,-0.13
359,F,-0.08
359,G,-0.08
359,H,-0.01
359,I,-0.15
359,K,-0.06
359,L,-0.29
359,M,-0.16
359,N,0.04
359,P,-0.16
359,Q,0.08
359,R,-0.03
359,S,0.0
359,T,-0.02
359,V,-0.07
359,W,-0.1
359,Y,-0.08
360,A,-0.23
360,C,-0.27
360,D,-0.03
360,E,-0.13
360,F,-0.28
360,G,-0.01
360,H,-0.04
360,I,-0.71
360,K,-0.12
360,L,-0.59
360,M,-0.38
360,N,0.0
360,P,-0.04
360,Q,-0.18
360,R,-0.19
360,S,-0.16
360,T,-0.35
360,V,-0.75
360,W,-0.25
360,Y,-0.33
361,A,-0.59
361,C,0.0
361,D,-0.86
361,E,-0.58
361,F,-0.59
361,G,-0.72
361,H,-0.69
361,I,-0.66
361,K,-0.62
361,L,-0.7
361,M,-0.67
361,N,-0.59
361,P,-0.38
361,Q,-0.57
361,R,-0.66
361,S,-0.61
361,T,-0.61
361,V,-0.58
361,W,-0.7
361,Y,-0.64
362,A,-0.09
362,C,-0.09
362,D,-0.18
362,E,-0.05
362,F,-0.01
362,G,-0.21
362,H,-0.05
362,I,0.04
362,K,-0.02
362,L,-0.03
362,M,0.03
362,N,-0.1
362,P,-0.51
362,Q,-0.03
362,R,0.0
362,S,-0.1
362,T,0.08
362,V,0.0
362,W,0.0
362,Y,0.0
363,A,0.0
363,C,-0.09
363,D,-0.66
363,E,-0.47
363,F,-0.12
363,G,-0.13
363,H,-0.21
363,I,-0.25
363,K,-0.54
363,L,-0.06
363,M,-0.14
363,N,-0.43
363,P,-0.15
363,Q,-0.02
363,R,-0.56
363,S,-0.19
363,T,-0.18
363,V,-0.13
363,W,0.06
363,Y,-0.17
364,A,-0.62
364,C,-0.46
364,D,0.0
364,E,-0.3
364,F,-0.77
364,G,-0.62
364,H,-0.5
364,I,-0.69
364,K,-0.45
364,L,-0.91
364,M,-0.82
364,N,-0.22
364,P,-0.57
364,Q,-0.46
364,R,-0.58
364,S,-0.39
364,T,-0.57
364,V,-0.64
364,W,-0.62
364,Y,-0.55
365,A,-0.29
365,C,-0.45
365,D,-0.68
365,E,-0.61
365,F,0.0
365,G,-0.37
365,H,-0.55
365,I,-0.05
365,K,-0.6
365,L,0.0
365,M,0.03
365,N,-0.55
365,P,-0.38
365,Q,-0.6
365,R,-0.61
365,S,-0.42
365,T,-0.33
365,V,-0.11
365,Y,0.0
366,A,-0.03
366,C,-0.38
366,D,0.05
366,E,0.02
366,F,-0.23
366,G,0.0
366,H,0.03
366,I,-0.09
366,K,0.0
366,L,-0.08
366,M,-0.02
366,N,0.08
366,P,-0.43
366,Q,0.01
366,R,-0.01
366,S,0.0
366,T,-0.01
366,V,-0.05
366,W,-0.12
366,Y,-0.23
367,A,0.11
367,C,-0.09
367,D,-0.05
367,E,0.02
367,G,-0.04
367,H,0.02
367,I,-0.03
367,K,0.05
367,L,0.02
367,M,0.04
367,N,0.02
367,P,-0.02
367,Q,0.02
367,R,-0.04
367,S,0.02
367,T,-0.01
367,V,0.0
367,W,0.14
367,Y,-0.02
368,A,-0.83
368,C,-0.97
368,D,-0.93
368,E,-0.99
368,F,-0.05
368,G,-1.03
368,H,-0.96
368,I,-0.04
368,K,-1.02
368,L,0.0
368,M,-0.16
368,N,-0.99
368,P,-0.96
368,Q,-0.9
368,R,-1.01
368,S,-0.99
368,T,-0.9
368,V,-0.24
368,W,-0.4
368,Y,-0.48
369,A,-0.01
369,C,-0.1
369,D,-0.17
369,E,-0.11
369,F,-0.08
369,G,-0.09
369,H,-0.07
369,I,0.04
369,K,-0.04
369,L,0.05
369,M,0.06
369,N,-0.09
369,P,-0.17
369,Q,0.01
369,R,-0.03
369,S,-0.03
369,T,0.02
369,V,0.0
369,W,-0.05
369,Y,0.0
370,A,-0.1
370,C,-0.48
370,D,-0.04
370,E,0.0
370,F,-0.23
370,G,-0.04
370,H,-0.03
370,I,-0.58
370,K,-0.04
370,L,-0.17
370,M,-0.12
370,N,0.0
370,P,-0.12
370,Q,0.02
370,R,-0.05
370,S,-0.02
370,T,-0.02
370,V,-0.45
370,W,-0.27
370,Y,-0.14
371,A,-0.09
371,C,-0.26
371,D,0.01
371,E,-0.05
371,F,-0.19
371,G,-0.1
371,H,-0.12
371,I,-0.17
371,K,-0.13
371,L,-0.14
371,M,-0.14
371,N,-0.05
371,P,-0.16
371,Q,-0.1
371,R,-0.11
371,S,0.0
371,T,-0.03
371,V,-0.18
371,W,-0.11
371,Y,-0.12
372,A,0.0
372,C,-0.18
372,D,-0.1
372,E,0.01
372,F,-0.09
372,G,0.0
372,H,-0.13
372,I,-0.13
372,K,-0.05
372,L,-0.17
372,M,-0.04
372,N,-0.2
372,P,-0.14
372,Q,-0.08
372,R,0.03
372,S,-0.19
372,T,-0.16
372,V,-0.12
372,W,-0.1
372,Y,-0.18
373,A,-0.03
373,C,-0.07
373,D,-0.04
373,E,-0.01
373,F,-0.02
373,G,-0.01
373,H,-0.01
373,I,-0.02
373,K,-0.04
373,L,-0.02
373,M,0.01
373,N,-1.06
373,P,-0.08
373,Q,0.05
373,R,-0.01
373,S,0.0
373,T,0.0
373,V,-0.07
373,W,-0.04
373,Y,-0.01
374,A,-0.29
374,C,-0.61
374,D,-0.24
374,E,-0.32
374,F,0.0
374,G,-0.24
374,H,-0.24
374,I,-0.15
374,K,-0.28
374,L,-0.25
374,M,-0.22
374,N,-0.92
374,P,-0.33
374,Q,-0.32
374,R,-0.36
374,S,-0.35
374,T,-0.32
374,V,-0.32
374,W,-0.02
374,Y,-0.06
375,A,-0.13
375,C,-0.5
375,D,-0.04
375,E,-0.11
375,F,-0.55
375,G,-0.2
375,H,-0.13
375,I,-0.69
375,K,-0.23
375,L,-0.6
375,M,-0.44
375,N,-0.13
375,P,-0.4
375,Q,-0.03
375,R,-0.37
375,S,0.0
375,T,-0.06
375,V,-0.55
375,W,-0.53
375,Y,-0.29
376,A,-0.26
376,C,-0.25
376,D,-0.98
376,E,-0.13
376,F,-0.12
376,G,-0.61
376,H,-0.02
376,I,-0.07
376,K,-0.08
376,L,-0.04
376,M,-0.06
376,N,-0.19
376,P,-1.01
376,Q,-0.01
376,R,-0.12
376,S,-0.07
376,T,0.0
376,V,-0.06
376,W,-0.09
376,Y,-0.09
377,A,-0.59
377,C,-0.4
377,D,-4.01
377,E,-2.12
377,F,0.0
377,G,-1.87
377,H,-0.62
377,I,-0.16
377,K,-0.71
377,L,-0.2
377,M,-0.7
377,N,-0.84
377,P,-0.81
377,Q,-1.37
377,R,-0.64
377,S,-0.83
377,T,-0.44
377,V,-0.15
377,W,-0.07
377,Y,-0.24
378,A,-0.1
378,C,-0.14
378,D,-0.03
378,E,-0.04
378,F,-0.5
378,G,-0.89
378,H,-0.17
378,I,-0.11
378,K,0.0
378,L,-0.06
378,M,-0.13
378,N,-0.02
378,P,-4.02
378,Q,-0.01
378,R,0.08
378,S,-0.11
378,T,-0.16
378,V,-0.09
378,W,-0.6
378,Y,-0.42
379,A,-1.44
379,C,0.0
379,D,-4.79
379,E,-4.06
379,F,-0.65
379,G,-4.51
379,H,-2.5
379,I,-1.24
379,K,-4.7
379,L,-0.97
379,M,-0.97
379,N,-3.32
379,P,-3.66
379,Q,-2.98
379,R,-4.12
379,S,-1.61
379,T,-0.9
379,V,-0.84
379,W,-0.46
379,Y,-1.05
380,A,-1.9
380,C,-1.37
380,D,-3.05
380,E,-1.8
380,F,-0.04
380,G,-4.12
380,H,-0.53
380,I,-0.73
380,K,-1.53
380,L,-1.53
380,M,-1.07
380,N,-1.49
380,P,-4.8
380,Q,-1.42
380,R,-1.34
380,S,-1.17
380,T,-0.77
380,V,-0.95
380,W,-0.08
380,Y,0.0
381,A,-0.52
381,C,-0.7
381,D,-0.55
381,E,-0.54
381,F,-0.81
381,G,0.0
381,H,-0.15
381,I,-0.86
381,K,-0.07
381,L,-0.65
381,M,-0.58
381,N,-0.02
381,P,-0.97
381,Q,-0.12
381,R,-0.03
381,S,-0.27
381,T,-0.53
381,V,-0.7
381,W,-0.87
381,Y,-0.79
382,A,-0.26
382,C,-0.06
382,D,-0.62
382,E,-0.52
382,F,-0.01
382,G,-0.68
382,H,-0.32
382,I,0.0
382,K,-0.52
382,L,-0.05
382,M,-0.14
382,N,-0.56
382,P,-0.42
382,Q,-0.56
382,R,-0.86
382,S,-0.55
382,T,-0.11
382,V,0.0
382,W,-0.35
382,Y,-0.14
383,A,-0.01
383,C,-0.14
383,D,0.02
383,F,-0.14
383,G,-0.13
383,H,-0.08
383,I,0.05
383,K,0.01
383,L,-0.07
383,M,-0.04
383,N,0.0
383,P,-0.08
383,Q,-0.05
383,R,-0.06
383,S,0.0
383,T,0.06
383,V,-0.01
383,W,-0.2
383,Y,-0.07
384,A,0.01
384,C,-0.16
384,D,-0.14
384,E,-0.02
384,F,0.02
384,G,-0.17
384,H,-0.03
384,I,0.02
384,K,0.04
384,L,0.01
384,M,-0.02
384,N,-0.18
384,P,0.0
384,Q,0.03
384,R,0.03
384,S,-0.09
384,T,-0.05
384,V,0.03
384,W,0.03
384,Y,-0.06
385,A,0.0
385,C,-0.26
385,D,-0.01
385,E,0.06
385,F,-0.01
385,G,-0.02
385,H,0.01
385,I,-0.04
385,K,-0.04
385,L,-0.01
385,M,0.01
385,N,0.01
385,P,-0.04
385,Q,0.03
385,R,0.19
385,S,-0.01
385,T,0.0
385,V,-0.04
385,W,-0.03
385,Y,0.0
386,A,-0.03
386,C,-0.18
386,D,-0.06
386,E,0.02
386,F,-0.22
386,G,-0.06
386,H,0.01
386,I,-0.08
386,K,0.0
386,L,-0.07
386,M,-0.05
386,N,0.04
386,P,-0.54
386,Q,0.01
386,R,-0.06
386,S,0.04
386,T,-0.01
386,V,-0.08
386,W,-0.42
386,Y,-0.13
387,A,-0.51
387,C,-0.64
387,D,-0.54
387,E,-0.52
387,F,-0.31
387,G,-0.56
387,H,-0.66
387,I,-0.17
387,K,-0.66
387,L,0.0
387,M,-0.13
387,N,-0.58
387,P,-0.64
387,Q,-0.53
387,R,-0.7
387,S,-0.59
387,T,-0.56
387,V,-0.43
387,W,-0.26
387,Y,-0.57
388,A,-0.07
388,C,-0.33
388,D,0.03
388,E,-0.09
388,F,-0.38
388,G,-0.06
388,H,-0.09
388,I,-0.29
388,K,-0.14
388,L,-0.27
388,M,-0.07
388,N,0.0
388,P,-0.04
388,Q,-0.05
388,R,-0.07
388,S,-0.08
388,T,-0.14
388,V,-0.16
388,W,-0.34
388,Y,-0.32
389,A,-0.1
389,C,-0.16
389,D,0.0
389,E,0.03
389,F,-0.12
389,G,-0.05
389,H,-0.03
389,I,-0.4
389,K,-0.07
389,L,-0.2
389,M,-0.15
389,N,-0.05
389,P,-0.46
389,Q,-0.02
389,R,-0.08
389,S,0.04
389,T,-0.02
389,V,-0.29
389,W,-0.25
389,Y,-0.04
390,A,-0.05
390,C,-0.07
390,D,-0.27
390,E,-0.04
390,F,-0.04
390,G,-0.09
390,H,-0.06
390,I,-0.06
390,K,-0.06
390,L,0.0
390,M,0.02
390,N,-0.09
390,P,-0.43
390,Q,-0.07
390,R,-0.08
390,S,-0.12
390,T,-0.12
390,V,-0.1
390,W,-0.16
390,Y,0.01
391,A,-0.08
391,C,0.0
391,D,-0.12
391,E,-0.07
391,F,-0.16
391,G,-0.15
391,H,-0.05
391,I,-0.13
391,K,-0.06
391,L,-0.12
391,M,-0.12
391,N,-0.07
391,P,-0.07
391,Q,-0.02
391,R,-0.07
391,S,-0.09
391,T,-0.08
391,V,-0.09
391,W,-0.17
391,Y,-0.13
392,A,-0.02
392,C,-0.04
392,D,-0.32
392,E,-0.36
392,F,0.0
392,G,-0.27
392,H,-0.11
392,I,-0.05
392,K,-0.34
392,L,-0.08
392,M,-0.08
392,N,-0.21
392,P,-0.03
392,Q,-0.23
392,R,-0.4
392,S,-0.11
392,T,-0.01
392,V,0.0
392,W,0.02
392,Y,0.02
393,A,0.03
393,C,-0.14
393,D,-0.06
393,E,-0.02
393,F,-0.21
393,G,-0.11
393,H,-0.07
393,I,-0.09
393,K,-0.03
393,L,-0.13
393,M,-0.14
393,N,-0.03
393,P,-0.16
393,Q,-0.05
393,R,-0.05
393,S,0.0
393,T,0.0
393,V,-0.08
393,W,-0.37
393,Y,-0.09
394,A,0.01
394,C,-0.1
394,D,-0.08
394,E,-0.02
394,F,-0.07
394,G,-0.08
394,H,0.0
394,I,-0.13
394,K,-0.1
394,L,-0.12
394,M,-0.05
394,N,0.0
394,P,-0.08
394,Q,-0.06
394,R,-0.08
394,S,0.01
394,T,-0.04
394,V,-0.06
394,W,-0.08
394,Y,-0.02
395,A,-0.16
395,C,-0.03
395,D,-3.52
395,E,-1.02
395,F,-0.19
395,G,-0.18
395,H,-0.59
395,I,0.0
395,K,-0.9
395,L,-0.03
395,M,0.04
395,N,-1.02
395,P,-2.03
395,Q,-0.51
395,R,-0.55
395,S,-0.51
395,T,-0.36
395,V,0.0
395,W,-0.57
395,Y,-0.53
396,A,-0.38
396,C,-0.23
396,D,-0.3
396,E,-0.52
396,F,-0.02
396,G,-1.08
396,H,-0.29
396,I,-0.05
396,K,-0.51
396,L,-0.12
396,M,-0.1
396,N,-0.07
396,P,-4.8
396,Q,-0.24
396,R,-0.59
396,S,-0.38
396,T,-0.02
396,V,-0.06
396,W,-0.03
396,Y,0.0
397,A,0.0
397,C,-0.13
397,D,-4.36
397,F,-0.47
397,G,-1.07
397,H,-1.52
397,I,-0.29
397,L,-0.06
397,N,-4.48
397,P,-3.95
397,R,-2.52
397,S,-0.7
397,T,-0.47
397,V,-0.15
397,Y,-0.67
398,A,-4.34
398,C,-4.53
398,D,0.0
398,E,-1.59
398,F,-1.72
398,G,-4.76
398,H,-0.85
398,I,-3.38
398,K,-4.8
398,L,-4.79
398,M,-1.39
398,N,-3.46
398,P,-4.54
398,Q,-4.47
398,R,-4.8
398,S,-2.08
398,T,-1.23
398,V,-2.08
398,W,-2.88
398,Y,-1.09
399,A,-0.37
399,C,-0.83
399,D,-1.33
399,E,-1.49
399,F,-0.45
399,G,-0.92
399,H,-2.0
399,I,-1.5
399,K,-0.97
399,L,-0.87
399,M,-0.35
399,N,-0.39
399,P,-3.93
399,Q,-0.49
399,R,-0.62
399,S,0.0
399,T,-0.1
399,V,-1.26
399,W,-0.52
399,Y,-0.3
400,A,-3.59
400,C,-4.61
400,D,-4.8
400,E,-4.34
400,F,0.0
400,G,-4.8
400,H,-3.84
400,I,-4.8
400,K,-4.72
400,L,-1.61
400,M,-0.66
400,N,-4.8
400,P,-4.78
400,Q,-4.38
400,R,-4.8
400,S,-4.8
400,T,-4.8
400,V,-4.5
400,W,-4.77
400,Y,-0.9
401,A,-0.66
401,C,-0.77
401,D,-4.37
401,E,-4.13
401,G,-4.32
401,H,-4.63
401,I,-0.26
401,K,-4.76
401,L,-0.33
401,M,-0.64
401,N,-4.03
401,P,-4.8
401,Q,-3.35
401,R,-4.8
401,S,-1.75
401,T,-0.37
401,V,0.0
401,W,-4.69
401,Y,-4.8
402,A,-0.96
402,C,-0.18
402,D,-4.67
402,E,-3.37
402,F,-4.8
402,G,-4.8
402,H,-4.42
402,I,0.0
402,K,-4.71
402,L,-0.05
402,M,-0.91
402,N,-4.69
402,P,-4.65
402,Q,-4.36
402,R,-3.42
402,S,-2.26
402,T,-0.55
402,V,0.01
402,W,-2.35
402,Y,-4.53
403,A,-1.06
403,C,-1.51
403,D,-2.21
403,E,-2.11
403,F,-3.49
403,G,-1.7
403,H,-2.19
403,I,-1.73
403,K,-0.06
403,L,-1.4
403,M,-0.55
403,N,-1.47
403,P,-1.25
403,Q,-0.72
403,R,0.0
403,S,-0.84
403,T,-0.69
403,V,-2.03
403,W,-2.82
403,Y,-2.34
404,A,-0.93
404,C,-1.17
404,D,-2.46
404,E,-1.28
404,F,-1.97
404,G,0.0
404,H,-0.93
404,I,-2.78
404,K,-1.02
404,L,-2.29
404,M,-1.36
404,N,-1.47
404,P,-4.8
404,Q,-1.02
404,R,-1.29
404,S,-1.02
404,T,-2.47
404,V,-2.56
404,W,-3.07
404,Y,-1.39
405,A,-0.07
405,D,0.0
405,E,-0.25
405,F,-0.02
405,G,-0.33
405,H,-0.15
405,I,-0.93
405,K,-0.2
405,L,-0.42
405,M,-0.08
405,N,-0.1
405,P,-1.45
405,Q,-0.03
405,R,-0.11
405,S,0.01
405,T,-0.36
405,V,-0.6
405,W,-0.49
405,Y,-0.28
406,A,-0.38
406,C,-0.83
406,D,-0.07
406,E,0.0
406,F,-0.9
406,G,-0.59
406,H,0.0
406,I,-2.12
406,K,-0.96
406,L,-1.4
406,M,-0.44
406,N,-0.56
406,P,-4.42
406,Q,0.07
406,R,-2.01
406,S,-0.53
406,T,-0.68
406,V,-0.6
406,W,-0.57
406,Y,-0.78
407,A,-0.86
407,C,-0.67
407,D,-4.8
407,E,-1.66
407,F,-1.09
407,G,-2.63
407,H,-3.09
407,I,-0.1
407,K,-1.15
407,L,-0.03
407,M,-0.33
407,N,-4.44
407,P,-4.3
407,Q,-0.67
407,R,-0.76
407,S,-1.54
407,T,-0.56
407,V,0.0
407,W,-1.78
407,Y,-1.48
408,A,-0.06
408,C,-0.09
408,E,-0.16
408,F,-0.11
408,G,-0.08
408,H,-0.06
408,I,-0.09
408,K,0.0
408,L,-0.21
408,M,-0.1
408,N,-0.06
408,P,-0.06
408,Q,-0.07
408,R,0.0
408,S,-0.06
408,T,-0.11
408,V,-0.14
408,W,-0.1
408,Y,-0.14
409,A,-0.92
409,D,-0.33
409,E,-0.15
409,F,-0.72
409,G,-1.0
409,H,-0.67
409,I,-1.86
409,K,-0.65
409,L,-0.75
409,M,-0.54
409,N,-0.65
409,P,-4.63
409,Q,0.0
409,R,-0.78
409,S,-0.57
409,T,-0.67
409,V,-1.06
409,W,-0.9
410,A,-4.62
410,C,-1.14
410,D,-3.39
410,E,-4.8
410,F,-3.27
410,G,-4.57
410,H,-4.55
410,I,0.0
410,K,-4.74
410,L,-0.36
410,M,-0.72
410,N,-3.6
410,P,-3.49
410,Q,-4.21
410,R,-4.8
410,S,-4.8
410,T,-4.48
410,V,-0.11
410,W,-4.79
410,Y,-4.18
411,A,0.0
411,C,-0.4
411,D,-0.69
411,E,-0.09
411,F,-0.81
411,G,-0.1
411,H,-0.55
411,I,-0.72
411,K,-0.33
411,L,-0.73
411,M,-0.29
411,N,-0.57
411,P,-4.5
411,Q,-0.08
411,R,-0.18
411,S,-0.14
411,T,-0.52
411,V,-0.4
411,W,-0.3
411,Y,-0.93
412,A,-1.07
412,C,-2.35
412,D,-3.12
412,E,-2.2
412,F,-3.87
412,G,-1.6
412,H,-2.32
412,I,-0.92
412,K,-0.95
412,L,-1.15
412,M,-1.32
412,N,-3.32
412,P,0.0
412,Q,-1.57
412,R,-1.5
412,S,-1.5
412,T,-1.05
412,V,-0.66
412,W,-4.37
412,Y,-4.47
413,A,-0.16
413,C,-0.06
413,D,-0.3
413,E,-0.2
413,F,-0.03
413,G,0.0
413,H,-0.06
413,I,-0.6
413,K,-0.13
413,L,-0.12
413,M,-0.07
413,N,-0.15
413,P,-4.65
413,Q,-0.12
413,R,-0.08
413,S,-0.11
413,T,-0.47
413,V,-0.59
413,W,-0.41
413,Y,-0.07
414,A,0.16
414,C,-0.16
414,D,-0.88
414,E,-0.06
414,F,-0.53
414,G,-0.01
414,H,-0.18
414,I,-0.1
414,K,-0.04
414,L,-0.26
414,M,0.04
414,N,-0.36
414,P,-1.01
414,Q,0.0
414,R,-0.04
414,S,0.0
414,T,0.01
414,V,0.01
414,W,-0.8
414,Y,-0.41
415,A,-0.04
415,C,-0.3
415,D,-0.21
415,E,-0.13
415,F,-0.12
415,G,-0.02
415,H,0.05
415,I,-0.1
415,K,0.0
415,L,-0.27
415,M,-0.09
415,N,-0.02
415,P,-0.29
415,Q,-0.06
415,R,0.05
415,S,0.01
415,T,0.0
415,V,-0.09
415,W,-0.25
415,Y,-0.09
416,A,-1.31
416,C,-2.36
416,D,-1.47
416,E,-2.01
416,F,-4.05
416,G,0.0
416,H,-1.56
416,I,-4.79
416,K,-2.22
416,L,-3.2
416,M,-2.03
416,N,-1.27
416,P,-4.4
416,Q,-1.93
416,R,-2.89
416,S,-1.11
416,T,-2.02
416,V,-4.6
416,W,-3.21
416,Y,-2.74
417,A,-0.35
417,C,-0.42
417,D,-1.04
417,E,-0.75
417,F,-0.13
417,G,-0.51
417,H,-0.17
417,I,-0.34
417,K,0.0
417,L,-0.31
417,M,-0.39
417,N,-0.45
417,P,-0.35
417,Q,-0.62
417,R,-0.17
417,S,-0.46
417,T,-0.26
417,V,-0.32
417,W,-0.31
417,Y,-0.08
418,A,-1.46
418,C,-1.05
418,D,-4.8
418,E,-4.8
418,F,-2.66
418,G,-4.55
418,H,-4.76
418,I,0.0
418,K,-4.64
418,L,-0.73
418,M,-0.76
418,N,-4.79
418,P,-4.73
418,Q,-1.82
418,R,-4.76
418,S,-3.48
418,T,-0.85
418,V,-0.17
418,W,-4.44
418,Y,-4.57
419,A,0.0
419,C,-0.27
419,D,-3.23
419,E,-3.75
419,F,-1.07
419,G,-0.8
419,H,-0.77
419,I,-0.73
419,K,-2.04
419,L,-2.28
419,M,-1.11
419,N,-0.91
419,P,-0.22
419,Q,-1.15
419,R,-1.14
419,S,-0.1
419,T,-0.23
419,V,-0.49
419,W,-2.69
419,Y,-0.86
420,A,-0.11
420,C,-0.27
420,D,0.0
420,E,-0.13
420,F,-0.32
420,G,-0.56
420,H,-0.29
420,I,-0.66
420,K,-0.05
420,L,-0.18
420,M,-0.14
420,N,-0.02
420,P,-4.55
420,Q,-0.01
420,R,-0.05
420,S,-0.11
420,T,-0.26
420,V,-0.67
420,W,-0.3
420,Y,-0.3
421,A,-0.68
421,C,-0.43
421,D,-1.72
421,E,-2.08
421,F,-0.02
421,G,-0.72
421,H,-0.6
421,I,-0.47
421,K,-0.52
421,L,-0.14
421,M,-0.39
421,N,-0.18
421,P,-4.76
421,Q,-0.76
421,R,-0.63
421,S,-0.76
421,T,-1.18
421,V,-0.63
421,W,-0.61
421,Y,0.0
422,A,-1.36
422,C,-2.45
422,D,-2.64
422,E,-4.8
422,F,-4.8
422,G,-2.48
422,H,-4.8
422,I,-4.77
422,K,-4.73
422,L,-4.8
422,M,-4.34
422,N,0.0
422,P,-4.59
422,Q,-3.9
422,R,-4.77
422,S,-0.75
422,T,-4.53
422,V,-4.8
422,W,-4.8
422,Y,-4.62
423,A,-4.8
423,C,-4.57
423,D,-4.7
423,E,-4.53
423,F,-0.58
423,G,-4.72
423,H,-4.26
423,I,-2.16
423,K,-4.7
423,L,-3.11
423,M,-2.77
423,N,-4.77
423,P,-4.78
423,Q,-4.44
423,R,-4.79
423,S,-4.79
423,T,-4.75
423,V,-4.43
423,W,-4.52
423,Y,0.0
424,A,-0.21
424,C,-0.52
424,D,-1.75
424,E,-2.56
424,F,-0.9
424,G,-0.75
424,H,-0.08
424,I,-2.03
424,K,0.0
424,L,-1.11
424,M,-0.68
424,N,-0.3
424,P,-1.77
424,Q,-0.56
424,R,-0.07
424,S,-0.77
424,T,-4.8
424,V,-0.89
424,W,-4.31
424,Y,-0.82
425,A,-3.04
425,C,-0.74
425,D,-4.8
425,E,-4.8
425,F,-1.38
425,G,-4.75
425,H,-4.8
425,I,-0.04
425,K,-4.8
425,L,0.0
425,M,-0.18
425,N,-4.14
425,P,-3.46
425,Q,-4.79
425,R,-4.6
425,S,-4.52
425,T,-0.83
425,V,-0.04
425,W,-4.8
425,Y,-4.63
426,A,-0.18
426,C,-0.7
426,D,-0.48
426,E,-0.79
426,F,-1.6
426,G,-0.29
426,H,-0.68
426,I,-1.75
426,K,-0.58
426,L,-1.38
426,M,-0.93
426,N,-0.37
426,P,0.0
426,Q,-0.78
426,R,-0.63
426,S,-0.22
426,T,-0.57
426,V,-1.1
426,W,-1.77
426,Y,-1.58
427,A,0.04
427,C,-0.27
427,D,0.0
427,E,0.02
427,F,-0.13
427,G,-0.05
427,H,0.0
427,I,-0.06
427,K,-0.04
427,L,0.0
427,M,-0.04
427,N,0.0
427,P,-0.03
427,Q,-0.35
427,R,-0.02
427,S,-0.06
427,T,-0.08
427,V,-0.03
427,W,-0.13
427,Y,-0.09
428,A,-0.13
428,C,-0.38
428,D,0.0
428,E,-0.06
428,F,-0.31
428,G,-0.12
428,H,-0.07
428,I,-0.26
428,K,-0.04
428,L,-0.28
428,M,-0.21
428,N,0.01
428,P,-0.09
428,Q,-0.12
428,R,-0.12
428,S,-0.08
428,T,-0.07
428,V,-0.21
428,W,-0.24
428,Y,-0.18
429,A,-3.83
429,C,-3.17
429,D,-4.77
429,E,-4.73
429,F,0.0
429,G,-4.8
429,H,-0.86
429,I,-0.9
429,K,-4.64
429,L,-0.69
429,M,-0.73
429,N,-4.74
429,P,-4.47
429,Q,-4.41
429,R,-4.49
429,S,-4.79
429,T,-3.32
429,V,-0.93
429,W,-0.11
429,Y,-0.54
430,A,-0.17
430,C,0.0
430,D,-0.56
430,E,-0.42
430,F,0.03
430,G,-0.68
430,H,-0.02
430,I,0.03
430,K,0.03
430,L,0.01
430,M,0.03
430,N,-0.12
430,P,-2.11
430,Q,-0.07
430,R,0.0
430,S,-0.15
430,T,0.0
430,V,-0.06
430,W,-0.18
430,Y,0.0
431,A,-4.8
431,C,-2.77
431,D,-4.72
431,E,-4.8
431,F,-4.7
431,G,0.0
431,H,-4.8
431,I,-4.8
431,K,-4.8
431,L,-4.56
431,M,-4.61
431,N,-4.69
431,P,-4.8
431,Q,-4.67
431,R,-4.79
431,S,-4.46
431,T,-4.6
431,V,-4.71
431,W,-4.8
431,Y,-4.56
432,A,-1.88
432,C,0.0
432,D,-4.71
432,E,-3.87
432,F,-0.89
432,G,-4.8
432,H,-4.55
432,I,-0.47
432,K,-3.88
432,L,-0.73
432,M,-0.77
432,N,-4.29
432,P,-4.63
432,Q,-4.8
432,R,-4.8
432,S,-4.5
432,T,-4.45
432,V,-0.72
432,W,-1.51
432,Y,-2.42
433,A,-1.58
433,C,-1.77
433,D,-4.77
433,E,-4.52
433,F,-4.62
433,G,-4.78
433,H,-4.77
433,I,-0.12
433,K,-4.79
433,L,-1.56
433,M,-1.33
433,N,-4.57
433,P,-4.8
433,Q,-4.8
433,R,-4.48
433,S,-4.36
433,T,-0.71
433,V,0.0
433,W,-4.74
433,Y,-4.48
434,A,-0.3
434,C,-0.22
434,D,-3.68
434,E,-4.66
434,F,0.03
434,G,-0.93
434,H,-0.6
434,I,0.0
434,K,-2.18
434,L,-0.05
434,M,-0.08
434,N,-2.93
434,P,-4.45
434,Q,-1.13
434,R,-4.23
434,S,-0.69
434,T,-0.36
434,V,-0.07
434,W,-0.04
434,Y,-0.01
435,A,0.0
435,C,-0.63
435,D,-3.23
435,E,-3.36
435,F,-0.89
435,G,-0.36
435,H,-0.94
435,I,-0.75
435,K,-1.97
435,L,-1.53
435,M,-0.67
435,N,-1.13
435,P,-4.18
435,Q,-1.23
435,R,-2.76
435,S,-0.07
435,T,-0.17
435,V,-0.61
435,W,-0.52
435,Y,-0.5
436,A,-0.75
436,C,-1.0
436,D,-2.86
436,E,-1.37
436,F,-0.39
436,G,-1.29
436,H,-0.89
436,I,-0.76
436,K,-0.67
436,L,-0.78
436,M,-0.56
436,N,-1.49
436,P,-4.59
436,Q,-0.66
436,R,-0.62
436,S,-0.66
436,T,-0.72
436,V,-0.85
436,W,0.0
436,Y,-0.49
437,A,-0.55
437,C,-0.42
437,D,-1.48
437,E,-0.96
437,F,-4.24
437,G,-0.56
437,H,-1.89
437,I,-2.21
437,K,-0.78
437,L,-2.15
437,M,-1.62
437,N,0.0
437,P,-0.36
437,Q,-0.75
437,R,-0.75
437,S,-0.51
437,T,-1.23
437,V,-1.46
437,W,-2.96
437,Y,-3.62
438,A,-0.01
438,C,-0.38
438,D,-2.26
438,E,-2.21
438,F,-2.79
438,G,-0.65
438,H,-2.44
438,I,-2.39
438,K,-2.39
438,L,-3.43
438,M,-1.42
438,N,-1.41
438,P,-4.61
438,Q,-1.39
438,R,-1.27
438,S,0.0
438,T,-0.1
438,V,-0.76
438,W,-2.99
438,Y,-2.56
439,A,-0.17
439,C,-0.12
439,D,-1.15
439,E,-2.66
439,F,-1.14
439,G,-0.5
439,H,-0.75
439,I,-0.25
439,K,0.04
439,L,-0.06
439,M,-0.25
439,N,0.0
439,P,-2.39
439,Q,-0.45
439,R,-0.03
439,S,-1.22
439,T,-1.08
439,V,-0.04
439,W,-0.58
439,Y,-1.2
440,A,0.01
440,C,-0.15
440,D,-0.02
440,E,-0.04
440,F,-0.03
440,G,-0.01
440,H,0.02
440,I,-0.09
440,K,0.07
440,L,-0.07
440,M,0.0
440,N,0.0
440,P,-0.05
440,Q,-0.08
440,R,-0.03
440,S,0.04
440,T,-0.02
440,V,-0.02
440,W,-0.11
440,Y,-0.07
441,A,-0.11
441,C,-0.18
441,D,-0.03
441,E,-0.03
441,F,-0.07
441,G,-0.32
441,H,-0.12
441,I,0.02
441,K,-0.01
441,L,0.0
441,M,-0.03
441,N,-0.33
441,P,-0.48
441,Q,-0.03
441,R,-0.13
441,S,-0.63
441,T,-0.88
441,V,0.03
441,W,-0.05
441,Y,-0.14
442,A,-2.8
442,C,-2.61
442,D,0.0
442,E,-1.23
442,F,-2.7
442,G,-3.7
442,H,-2.59
442,I,-0.65
442,K,-4.22
442,L,-1.48
442,M,-2.41
442,N,-2.8
442,P,-4.67
442,Q,-4.14
442,R,-4.11
442,S,-2.64
442,T,-2.42
442,V,-1.42
442,W,-4.8
442,Y,-2.48
443,A,-0.27
443,C,-1.36
443,D,-2.06
443,E,-2.52
443,F,-2.29
443,G,-0.57
443,H,-1.97
443,I,-2.37
443,K,-2.12
443,L,-2.37
443,M,-2.16
443,N,-2.18
443,P,-2.46
443,Q,-2.14
443,R,-2.18
443,S,0.0
443,T,-1.14
443,V,-1.97
443,W,-2.39
443,Y,-2.17
444,A,-0.01
444,C,-0.14
444,D,-0.18
444,E,-0.07
444,F,-0.13
444,G,-0.76
444,H,-0.05
444,I,-0.1
444,K,0.0
444,L,-0.1
444,M,-0.04
444,N,-0.12
444,P,-1.14
444,Q,0.01
444,R,-0.06
444,S,-0.09
444,T,-0.03
444,V,-0.1
444,W,-0.05
444,Y,-0.08
445,A,-0.04
445,C,-0.8
445,D,-0.16
445,E,-0.18
445,F,-0.1
445,G,-0.29
445,H,-0.02
445,I,-0.01
445,K,0.02
445,L,-0.03
445,M,-0.14
445,N,-0.06
445,P,0.03
445,Q,-0.04
445,R,-0.01
445,S,-0.1
445,T,-0.02
445,V,0.0
445,W,-0.03
445,Y,-0.14
446,A,-0.26
446,C,-0.97
446,D,-0.2
446,E,-0.12
446,F,-0.31
446,G,0.0
446,H,-0.28
446,I,-0.26
446,K,-0.09
446,L,-0.28
446,M,-0.23
446,N,-0.11
446,P,-0.26
446,Q,-0.17
446,R,-0.16
446,S,-0.2
446,T,-0.19
446,V,-0.27
446,W,-0.2
446,Y,-0.34
447,A,-1.18
447,C,-1.78
447,D,-1.76
447,E,-1.63
447,F,-1.68
447,G,0.0
447,H,-1.87
447,I,-1.55
447,K,-1.54
447,L,-1.54
447,M,-1.53
447,N,-1.47
447,P,-1.81
447,Q,-1.59
447,R,-1.57
447,S,-1.24
447,T,-1.4
447,V,-1.52
447,W,-1.74
447,Y,-1.59
448,A,-0.56
448,C,-0.91
448,D,-0.67
448,E,-0.39
448,F,-1.15
448,G,-0.91
448,H,-0.88
448,I,-1.42
448,K,-1.18
448,L,-1.29
448,M,-0.77
448,N,0.0
448,P,-1.65
448,Q,-0.42
448,R,-1.05
448,S,-0.89
448,T,-0.77
448,V,-0.87
448,W,-1.31
448,Y,-0.68
449,A,-1.3
449,C,-1.73
449,D,-1.55
449,E,-1.57
449,F,-1.08
449,G,-1.28
449,H,-1.22
449,I,-1.44
449,K,-0.98
449,L,-1.51
449,M,-1.37
449,N,-1.22
449,P,-1.41
449,Q,-1.22
449,R,-0.69
449,S,-1.25
449,T,-1.16
449,V,-1.36
449,W,-1.43
449,Y,0.0
450,A,0.0
450,C,-0.33
450,D,-0.02
450,E,-0.11
450,F,-0.26
450,G,-0.05
450,H,-0.08
450,I,-0.18
450,K,0.04
450,L,-0.14
450,M,-0.02
450,N,0.0
450,P,-1.56
450,Q,0.02
450,R,-0.06
450,S,-0.07
450,T,-1.11
450,V,-0.18
450,W,-0.16
450,Y,-0.13
451,A,-0.84
451,C,-0.64
451,D,-2.54
451,E,-1.46
451,F,-0.09
451,G,-2.37
451,H,-0.11
451,I,-0.44
451,K,-0.7
451,L,-0.29
451,M,-0.34
451,N,-0.58
451,P,-1.25
451,Q,-0.13
451,R,-1.23
451,S,-0.83
451,T,-1.24
451,V,-0.79
451,W,-0.85
451,Y,0.0
452,A,0.05
452,C,-0.06
452,D,-0.16
452,E,0.02
452,F,-0.01
452,G,0.02
452,H,0.0
452,I,0.0
452,K,0.09
452,L,0.0
452,M,0.06
452,N,0.01
452,P,-1.43
452,Q,0.07
452,R,0.02
452,S,0.03
452,T,0.03
452,V,0.02
452,W,-0.06
452,Y,-0.07
453,A,-0.27
453,C,-0.26
453,D,-3.49
453,E,-1.18
453,F,0.25
453,G,-0.92
453,H,-0.07
453,I,-0.53
453,K,0.08
453,L,-0.17
453,M,-0.05
453,N,-0.82
453,P,-4.8
453,Q,-0.37
453,R,-0.3
453,S,-0.21
453,T,-0.55
453,V,-0.11
453,W,-0.16
453,Y,0.0
454,A,-3.04
454,C,-4.8
454,D,-4.6
454,E,-4.39
454,F,-4.7
454,G,-4.72
454,H,-4.74
454,I,-4.39
454,K,-1.12
454,L,-4.73
454,M,-4.56
454,N,-4.14
454,P,-4.8
454,Q,-4.8
454,R,0.0
454,S,-4.32
454,T,-4.41
454,V,-4.77
454,W,-3.9
454,Y,-4.06
455,A,-0.47
455,C,-0.71
455,D,-2.25
455,E,-2.05
455,F,-0.19
455,G,-0.54
455,H,-0.76
455,I,-0.01
455,L,0.0
455,M,0.05
455,P,-0.95
455,R,-1.6
455,S,-0.78
455,V,-0.73
455,W,-0.27
455,Y,-1.5
456,A,-2.17
456,C,-1.2
456,D,-4.55
456,E,-2.45
456,F,0.0
456,G,-2.22
456,H,-0.69
456,I,-1.21
456,K,-1.38
456,L,-0.11
456,M,-0.22
456,N,-2.38
456,P,-2.69
456,Q,-2.07
456,R,-2.08
456,S,-2.42
456,T,-1.65
456,V,-0.61
456,W,-1.01
456,Y,-1.5
457,A,-0.45
457,C,-2.15
457,D,-2.15
457,E,-2.78
457,F,-3.05
457,G,-0.65
457,H,-0.66
457,I,-2.82
457,K,-0.32
457,L,-1.65
457,M,-1.02
457,N,-0.91
457,P,-3.97
457,Q,-1.32
457,R,0.0
457,S,-0.56
457,T,-1.86
457,V,-3.49
457,W,-4.11
457,Y,-3.37
458,A,-0.01
458,C,-0.16
458,D,0.09
458,E,0.06
458,F,-0.11
458,G,-0.07
458,H,0.0
458,I,-0.16
458,K,0.0
458,L,-0.12
458,M,-0.04
458,N,-0.12
458,P,0.03
458,Q,0.0
458,R,-0.01
458,S,-0.04
458,T,0.0
458,V,-0.06
458,W,-0.24
458,Y,-0.09
459,A,-0.03
459,C,-0.14
459,D,0.01
459,E,0.01
459,F,-0.1
459,G,0.05
459,H,-0.02
459,I,-0.09
459,K,-0.02
459,L,-0.21
459,M,-0.1
459,N,0.03
459,P,-0.22
459,Q,-0.03
459,R,-0.01
459,S,0.0
459,T,0.01
459,V,0.0
459,W,-0.21
459,Y,-0.09
460,A,0.03
460,C,-0.07
460,D,-0.06
460,E,-0.03
460,F,-0.09
460,G,-0.09
460,H,0.02
460,I,0.02
460,K,0.09
460,L,-0.05
460,M,-0.04
460,N,0.0
460,P,-0.01
460,Q,0.02
460,R,0.06
460,S,-0.08
460,T,-0.16
460,V,0.05
460,W,-0.29
460,Y,-0.04
461,A,-1.0
461,C,-0.63
461,D,-4.8
461,E,-4.12
461,F,-0.88
461,G,-3.34
461,H,-2.22
461,I,-0.01
461,K,-3.78
461,L,0.0
461,M,-0.22
461,N,-0.98
461,P,-3.7
461,Q,-2.11
461,R,-4.8
461,S,-1.31
461,T,-0.75
461,V,-0.04
461,W,-4.56
461,Y,-1.14
462,A,-0.07
462,C,-0.11
462,D,-0.08
462,E,-0.01
462,F,-0.09
462,G,-0.06
462,H,-0.24
462,I,-0.13
462,K,0.0
462,L,-0.07
462,M,-0.04
462,N,-0.08
462,P,-0.34
462,Q,-0.02
462,R,-0.05
462,S,-0.09
462,T,-0.05
462,V,-0.08
462,W,-0.21
462,Y,-0.08
463,A,-0.07
463,C,-0.57
463,D,-0.47
463,E,-0.32
463,F,-0.53
463,G,-0.2
463,H,-0.53
463,I,-0.74
463,K,-0.63
463,L,-0.84
463,M,-0.71
463,N,-0.53
463,P,0.0
463,Q,-0.44
463,R,-0.75
463,S,-0.2
463,T,-0.59
463,V,-0.6
463,W,-0.57
463,Y,-0.56
464,A,-0.16
464,C,-0.29
464,D,-0.39
464,E,-0.29
464,F,0.0
464,G,-0.02
464,H,-0.07
464,I,-0.66
464,K,-0.51
464,L,-0.12
464,M,-0.06
464,N,-0.11
464,P,-2.14
464,Q,-0.12
464,R,-0.23
464,S,-0.18
464,T,-0.35
464,V,-0.57
464,W,-0.1
464,Y,-0.04
465,A,-0.18
465,C,-0.44
465,D,-0.12
465,E,0.0
465,F,-0.64
465,G,-0.11
465,H,-0.23
465,I,-0.66
465,K,-0.51
465,L,-0.68
465,M,-0.29
465,N,-0.39
465,P,-4.41
465,Q,-0.02
465,R,-0.6
465,S,-0.29
465,T,-0.13
465,V,-0.45
465,W,-0.69
465,Y,-0.65
466,A,-0.6
466,C,-0.38
466,D,-1.21
466,E,-0.74
466,F,-0.74
466,G,-0.97
466,H,-0.2
466,I,-0.35
466,K,-0.03
466,L,-0.36
466,M,-0.25
466,N,-0.63
466,P,-1.26
466,Q,-0.08
466,R,0.0
466,S,-0.46
466,T,-0.52
466,V,-0.41
466,W,-0.58
466,Y,-0.58
467,A,-1.29
467,C,-0.84
467,D,0.0
467,E,-0.8
467,F,-1.36
467,G,-1.55
467,H,-1.2
467,I,-1.59
467,K,-4.03
467,L,-2.71
467,M,-2.27
467,N,-1.14
467,P,-3.73
467,Q,-1.6
467,R,-3.95
467,S,-0.92
467,T,-1.63
467,V,-1.09
467,W,-2.67
467,Y,-1.54
468,A,-0.11
468,C,-0.09
468,D,-0.08
468,E,-0.11
468,F,-0.19
468,G,-0.21
468,H,-0.18
468,I,0.0
468,K,-0.06
468,L,-0.04
468,M,0.07
468,N,-0.03
468,P,-0.22
468,Q,0.0
468,R,-0.12
468,S,-0.07
468,T,-0.14
468,V,-0.03
468,W,-0.3
468,Y,-0.21
469,A,-0.06
469,C,-0.22
469,D,-0.03
469,E,-0.09
469,F,-0.65
469,G,-0.05
469,H,-0.37
469,I,-0.65
469,K,-0.15
469,L,-0.48
469,M,-0.29
469,N,-0.08
469,P,-2.57
469,Q,-0.08
469,R,-0.15
469,S,0.0
469,T,0.03
469,V,-0.51
469,W,-0.81
469,Y,-0.56
470,A,-0.04
470,C,-0.07
470,D,-0.07
470,E,0.01
470,F,-0.12
470,G,-0.12
470,H,-0.06
470,I,-0.09
470,K,-0.02
470,L,-0.09
470,M,-0.07
470,N,-0.02
470,P,-0.25
470,Q,0.03
470,R,-0.03
470,S,-0.02
470,T,0.0
470,V,-0.09
470,W,-0.2
470,Y,-0.07
471,A,-0.1
471,C,-0.41
471,D,0.01
471,E,0.0
471,F,-0.07
471,G,-0.08
471,H,-0.07
471,I,-0.15
471,K,-0.15
471,L,-0.18
471,M,-0.11
471,N,-0.03
471,P,-0.16
471,Q,-0.06
471,R,-0.12
471,S,-0.04
471,T,-0.06
471,V,-0.06
471,W,-0.28
471,Y,-0.14
472,A,-0.69
472,C,-0.95
472,D,-2.09
472,E,-1.34
472,F,-0.23
472,G,-2.17
472,H,-0.37
472,I,0.0
472,K,-0.99
472,L,-0.1
472,M,0.02
472,N,-1.11
472,P,-0.49
472,Q,-0.59
472,R,-1.42
472,S,-1.04
472,T,-0.18
472,V,-0.38
472,W,-0.71
472,Y,-0.23
473,A,-2.18
473,C,-2.1
473,D,-2.72
473,E,-1.86
473,F,-0.16
473,G,-2.74
473,H,-0.16
473,I,-1.23
473,K,-2.59
473,L,-0.65
473,M,-0.66
473,N,-2.23
473,P,-4.8
473,Q,-1.95
473,R,-2.59
473,S,-2.13
473,T,-1.85
473,V,-1.2
473,W,-0.81
473,Y,0.0
474,A,-0.06
474,C,-1.18
474,D,-0.14
474,E,-0.08
474,F,-0.93
474,G,-0.13
474,H,-0.18
474,I,-0.51
474,K,-0.12
474,L,-0.74
474,M,-0.18
474,N,-0.04
474,P,-0.16
474,Q,0.0
474,R,-0.12
474,S,-0.13
474,T,-0.16
474,V,-0.28
474,W,-0.54
474,Y,-0.65
475,A,0.0
475,C,-0.66
475,D,-2.01
475,E,-0.48
475,F,-1.38
475,G,-0.13
475,H,-1.98
475,I,-0.48
475,K,-1.06
475,L,-1.27
475,M,-0.38
475,N,-1.67
475,P,-1.62
475,Q,-0.8
475,R,-0.86
475,S,-0.1
475,T,-0.36
475,V,-0.14
475,W,-2.26
475,Y,-1.69
476,A,-0.26
476,C,-1.89
476,D,-0.54
476,E,-1.35
476,F,-1.22
476,G,0.0
476,H,-0.38
476,I,-2.31
476,K,-1.68
476,L,-2.51
476,M,-1.67
476,N,-0.84
476,P,-2.56
476,Q,-1.12
476,R,-1.18
476,S,-0.02
476,T,-0.89
476,V,-1.96
476,W,-0.57
476,Y,-0.98
477,A,-0.07
477,C,-0.44
477,D,0.09
477,E,-0.04
477,F,-0.05
477,G,-0.06
477,H,-0.02
477,I,-0.06
477,K,0.03
477,L,-0.02
477,M,-0.07
477,N,0.06
477,P,0.06
477,Q,-0.01
477,R,-0.03
477,S,0.0
477,T,-0.01
477,V,-0.05
477,W,0.02
477,Y,-0.02
478,A,-0.03
478,C,-0.25
478,D,-0.06
478,E,-0.07
478,F,-0.08
478,G,-0.12
478,H,-0.02
478,I,-0.04
478,K,0.02
478,L,-0.08
478,M,-0.02
478,N,-0.06
478,P,-0.31
478,Q,0.01
478,R,-0.04
478,S,-0.01
478,T,0.0
478,V,-0.06
478,W,-0.11
478,Y,-0.04
479,A,-0.02
479,C,-0.17
479,D,-0.03
479,E,0.02
479,F,-0.11
479,G,-0.04
479,H,-0.07
479,I,-0.13
479,K,-0.03
479,L,-0.06
479,M,-0.05
479,N,-0.05
479,P,0.0
479,Q,-0.03
479,R,-0.06
479,S,-0.03
479,T,-0.1
479,V,-0.07
479,W,-0.29
479,Y,-0.08
480,A,-3.45
480,C,0.0
480,D,-3.29
480,E,-3.59
480,F,-3.84
480,G,-3.44
480,H,-3.65
480,I,-3.81
480,K,-3.72
480,L,-3.86
480,M,-3.94
480,N,-3.47
480,P,-3.52
480,Q,-3.8
480,R,-3.56
480,S,-3.38
480,T,-3.49
480,V,-3.35
480,W,-3.62
480,Y,-3.55
481,A,-0.06
481,C,-0.17
481,D,-0.07
481,E,-0.08
481,F,-0.08
481,G,-0.08
481,H,-0.02
481,I,-0.19
481,K,0.01
481,L,-0.05
481,M,-0.02
481,N,0.0
481,P,-0.29
481,Q,-0.04
481,R,0.02
481,S,-0.04
481,T,-0.11
481,V,-0.12
481,W,-0.09
481,Y,-0.08
482,A,-0.08
482,C,-0.3
482,D,-0.02
482,E,-0.03
482,F,-0.23
482,G,0.0
482,H,-0.06
482,I,-0.57
482,K,-0.06
482,L,-0.19
482,M,-0.25
482,N,-0.02
482,P,-0.53
482,Q,0.04
482,R,-0.1
482,S,-0.08
482,T,-0.21
482,V,-0.45
482,W,-0.36
482,Y,-0.2
483,A,-0.03
483,C,-0.05
483,D,-0.02
483,E,-0.03
483,F,-0.01
483,G,-0.04
483,H,0.0
483,I,-0.03
483,K,0.05
483,L,0.06
483,M,-0.01
483,N,0.03
483,P,-0.7
483,Q,0.05
483,R,0.05
483,S,-0.08
483,T,-0.17
483,V,0.0
483,W,-0.17
483,Y,-0.05
484,A,-0.07
484,C,-0.52
484,D,-0.38
484,E,0.0
484,F,-1.43
484,G,-0.06
484,H,-0.55
484,I,-0.64
484,K,0.06
484,L,-0.71
484,M,-0.26
484,N,-0.08
484,P,-0.28
484,Q,0.03
484,R,0.15
484,S,-0.02
484,T,0.05
484,V,-0.65
484,W,-0.78
484,Y,-1.51
485,A,-0.19
485,C,-0.59
485,D,-0.58
485,E,-0.43
485,F,-0.8
485,G,0.0
485,H,-0.45
485,I,-0.66
485,K,-0.02
485,L,-0.64
485,M,-0.28
485,N,-0.43
485,P,-1.53
485,Q,-0.11
485,R,-0.18
485,S,-0.2
485,T,-0.22
485,V,-0.67
485,W,-0.57
485,Y,-0.7
486,A,-0.34
486,C,-1.2
486,D,-1.69
486,E,-1.63
486,F,0.0
486,G,-0.77
486,H,-0.42
486,I,-0.38
486,K,-0.62
486,L,-0.47
486,M,-0.53
486,N,-0.82
486,P,-0.18
486,Q,-0.72
486,R,-0.38
486,S,-0.63
486,T,-0.71
486,V,-0.43
486,W,-0.23
486,Y,-0.34
487,A,-1.74
487,C,-2.41
487,D,-1.08
487,E,-2.06
487,F,-2.29
487,G,-1.59
487,H,-1.87
487,I,-2.77
487,K,-2.3
487,L,-2.2
487,M,-2.12
487,N,0.0
487,P,-2.64
487,Q,-2.09
487,R,-2.3
487,S,-1.51
487,T,-1.93
487,V,-2.47
487,W,-2.39
487,Y,-2.3
488,A,-2.97
488,C,0.0
488,D,-4.54
488,E,-3.57
488,F,-4.75
488,G,-4.3
488,H,-3.61
488,I,-4.79
488,K,-2.93
488,L,-4.34
488,M,-3.61
488,N,-3.09
488,P,-4.78
488,Q,-2.84
488,R,-2.84
488,S,-2.84
488,T,-3.34
488,V,-4.55
488,W,-4.61
488,Y,-4.69
489,A,-2.46
489,C,-3.24
489,D,-3.37
489,E,-3.98
489,F,-0.95
489,G,-4.32
489,H,-0.66
489,I,-2.22
489,K,-4.33
489,L,-2.2
489,M,-1.98
489,N,-2.57
489,P,-2.26
489,Q,-2.2
489,R,-3.79
489,S,-4.8
489,T,-4.61
489,V,-2.15
489,W,-0.68
489,Y,0.0
490,A,0.03
490,C,-0.11
490,D,-0.08
490,E,-0.12
490,F,0.0
490,G,-0.08
490,H,-0.05
490,I,-0.16
490,K,0.09
490,L,-0.11
490,M,-0.03
490,N,0.02
490,P,-0.09
490,Q,-0.02
490,R,0.01
490,S,0.0
490,T,-0.04
490,V,-0.08
490,W,-0.05
490,Y,0.06
491,A,-0.45
491,C,-1.45
491,D,-2.34
491,E,-0.71
491,F,-4.75
491,G,-0.93
491,H,-3.76
491,I,-3.99
491,K,-4.39
491,L,-4.65
491,M,-2.02
491,N,-2.05
491,P,0.0
491,Q,-1.34
491,R,-4.8
491,S,-0.57
491,T,-1.58
491,V,-1.77
491,W,-4.49
491,Y,-4.8
492,A,-4.06
492,C,-0.77
492,D,-4.15
492,E,-3.08
492,F,-0.52
492,G,-4.17
492,H,-1.25
492,I,0.03
492,K,-1.52
492,L,0.0
492,M,-0.27
492,N,-1.21
492,P,-4.78
492,Q,-1.19
492,R,-1.21
492,S,-3.32
492,T,-0.78
492,V,-0.17
492,W,-1.9
492,Y,-1.16
493,A,0.13
493,C,-0.03
493,D,-1.57
493,E,-0.56
493,F,0.06
493,G,0.01
493,H,-0.01
493,I,-0.08
493,K,0.05
493,L,0.05
493,M,0.18
493,N,-0.21
493,P,-0.72
493,Q,0.0
493,R,-0.09
493,S,-0.18
493,T,-0.08
493,V,0.05
493,W,-0.14
493,Y,0.12
494,A,0.03
494,C,-0.11
494,D,-1.1
494,E,-0.07
494,F,-0.19
494,G,-0.34
494,H,0.06
494,I,-0.64
494,K,0.05
494,L,-0.35
494,M,-0.03
494,N,-0.02
494,P,0.0
494,Q,-0.01
494,R,0.05
494,S,0.0
494,T,-0.01
494,V,-0.21
494,W,-0.25
494,Y,-0.1
495,A,-2.35
495,C,-2.33
495,D,-2.61
495,E,-2.6
495,F,-0.5
495,G,-3.93
495,H,-1.1
495,I,-1.54
495,K,-2.14
495,L,-1.65
495,M,-0.87
495,N,-1.43
495,P,-2.67
495,Q,-1.98
495,R,-1.59
495,S,-2.43
495,T,-2.14
495,V,-1.91
495,W,-0.82
495,Y,0.0
496,A,-0.53
496,C,-1.42
496,D,-2.21
496,E,-2.33
496,F,-2.12
496,G,0.0
496,H,-1.52
496,I,-1.51
496,K,-1.65
496,L,-1.7
496,M,-1.62
496,N,-0.35
496,P,-2.1
496,Q,-1.58
496,R,-1.63
496,S,-0.63
496,T,-1.46
496,V,-1.05
496,W,-1.63
496,Y,-2.0
497,A,-4.8
497,C,-4.78
497,D,-4.63
497,E,-4.8
497,F,0.0
497,G,-3.84
497,H,-3.07
497,I,-4.8
497,K,-4.8
497,L,-2.05
497,M,-2.35
497,N,-4.42
497,P,-4.8
497,Q,-4.75
497,R,-4.8
497,S,-4.8
497,T,-4.8
497,V,-4.73
497,W,-1.81
497,Y,-0.59
498,A,-0.05
498,C,-1.41
498,D,-1.27
498,E,-0.98
498,F,0.15
498,G,-0.61
498,H,0.3
498,I,-1.48
498,K,-2.26
498,L,-1.58
498,M,-0.51
498,N,-0.5
498,P,-3.14
498,Q,0.0
498,R,-0.06
498,S,-0.17
498,T,-0.67
498,V,-1.24
498,W,0.07
498,Y,0.16
499,A,-0.47
499,C,-1.07
499,D,-0.92
499,E,-1.1
499,F,-0.41
499,G,-1.02
499,H,-0.47
499,I,-0.46
499,K,-0.12
499,L,-0.36
499,M,-0.46
499,N,-0.37
499,P,0.0
499,Q,-0.59
499,R,-0.14
499,S,-0.23
499,T,-0.15
499,V,-0.37
499,W,-0.99
499,Y,-0.36
500,A,-0.56
500,C,-1.6
500,D,-1.99
500,E,-1.14
500,F,-0.98
500,G,-0.93
500,H,-0.88
500,I,-2.3
500,K,-0.8
500,L,-1.52
500,M,-0.75
500,N,-1.2
500,P,-1.12
500,Q,-0.44
500,R,-1.12
500,S,-0.32
500,T,0.0
500,V,-1.89
500,W,-0.43
500,Y,-0.97
501,A,-0.06
501,C,-0.58
501,D,-2.42
501,E,-0.79
501,F,0.29
501,G,-0.94
501,H,0.0
501,I,-0.08
501,K,-2.79
501,L,-1.15
501,M,0.0
501,N,0.0
501,P,-1.95
501,Q,-0.06
501,R,-2.08
501,S,-0.13
501,T,0.1
501,V,0.15
501,W,0.11
501,Y,0.24
502,A,-2.8
502,C,-3.11
502,D,-4.16
502,E,-4.67
502,F,-4.8
502,G,0.0
502,H,-4.47
502,I,-4.66
502,K,-4.16
502,L,-4.8
502,M,-4.8
502,N,-4.38
502,P,-4.55
502,Q,-4.68
502,R,-4.8
502,S,-2.7
502,T,-4.8
502,V,-4.8
502,W,-4.8
502,Y,-4.8
503,A,-0.06
503,C,-0.06
503,D,-0.07
503,E,-0.2
503,F,-0.01
503,G,-0.16
503,H,-0.07
503,I,0.05
503,K,0.1
503,L,0.03
503,M,0.1
503,N,-0.08
503,P,-0.88
503,Q,-0.01
503,R,0.01
503,S,-0.64
503,T,-1.08
503,V,0.0
503,W,-0.09
503,Y,-0.01
504,A,-0.18
504,C,-0.9
504,D,-0.27
504,E,-0.64
504,F,-0.51
504,G,0.0
504,H,-0.49
504,I,-1.67
504,K,-0.42
504,L,-0.51
504,M,-0.36
504,N,-0.13
504,P,-0.3
504,Q,-0.42
504,R,-0.38
504,S,-0.2
504,T,-0.45
504,V,-1.41
504,W,-0.47
504,Y,-0.5
505,C,-2.36
505,D,-3.07
505,E,-3.17
505,F,-0.15
505,G,-4.65
505,H,-0.71
505,I,-3.19
505,K,-2.71
505,L,-2.51
505,M,-2.32
505,N,-2.0
505,P,-4.09
505,Q,-2.29
505,R,-2.47
505,S,-2.37
505,T,-3.46
505,V,-2.46
505,W,0.13
505,Y,0.0
506,A,-1.45
506,C,-2.07
506,D,-2.64
506,E,-2.2
506,F,-2.78
506,G,-2.37
506,H,-0.84
506,I,-2.53
506,K,-1.46
506,L,-1.46
506,M,-0.57
506,N,-0.28
506,P,-4.8
506,Q,0.0
506,R,-1.62
506,S,-1.57
506,T,-2.29
506,V,-2.32
506,W,-2.29
506,Y,-2.86
507,A,-0.75
507,C,-2.31
507,D,-4.13
507,E,-4.8
507,F,-4.8
507,G,-3.07
507,H,-4.41
507,I,-4.68
507,K,-4.8
507,L,-4.8
507,M,-4.43
507,N,-4.8
507,P,0.0
507,Q,-4.61
507,R,-4.8
507,S,-1.29
507,T,-4.45
507,V,-4.31
507,W,-4.61
507,Y,-4.8
508,A,-0.4
508,C,-0.33
508,D,-3.08
508,E,-1.14
508,F,0.02
508,G,-4.7
508,H,0.07
508,I,-0.57
508,K,-1.23
508,L,-0.52
508,M,-0.18
508,N,-0.19
508,P,-4.68
508,Q,-0.38
508,R,-0.77
508,S,-0.4
508,T,-0.27
508,V,-0.25
508,W,-0.17
508,Y,0.0
509,A,-4.15
509,C,-3.7
509,D,-4.8
509,E,-4.8
509,F,-4.65
509,G,-4.8
509,H,-1.0
509,I,-3.76
509,K,-1.11
509,L,-4.74
509,M,-4.74
509,N,-4.7
509,P,-4.72
509,Q,-3.21
509,R,0.0
509,S,-3.5
509,T,-2.06
509,V,-2.49
509,W,-4.8
509,Y,-4.8
510,A,-0.83
510,C,-0.14
510,D,-4.8
510,E,-3.61
510,F,-1.77
510,G,-4.8
510,H,-3.88
510,I,-0.16
510,K,-4.56
510,L,-0.6
510,M,-0.53
510,N,-4.5
510,P,-4.53
510,Q,-4.6
510,R,-4.39
510,S,-4.42
510,T,-0.47
510,V,0.0
510,W,-4.35
510,Y,-4.6
511,A,-0.78
511,C,-0.65
511,D,-4.46
511,E,-4.04
511,F,-1.8
511,G,-4.8
511,H,-3.32
511,I,-0.4
511,K,-4.8
511,L,-0.83
511,M,-0.85
511,N,-3.81
511,P,-4.19
511,Q,-2.99
511,R,-4.8
511,S,-3.42
511,T,-0.89
511,V,0.0
511,W,-3.2
511,Y,-2.27
512,A,-0.72
512,C,-0.66
512,D,-1.6
512,E,-4.06
512,F,-4.79
512,G,-4.67
512,H,-4.24
512,I,-0.22
512,K,-4.33
512,L,-3.97
512,M,-4.34
512,N,-4.38
512,P,-3.68
512,Q,-4.14
512,R,-4.8
512,S,-1.23
512,T,-0.71
512,V,0.0
512,W,-4.31
512,Y,-4.15
513,A,-3.14
513,C,-1.94
513,D,-3.15
513,E,-2.52
513,F,-0.34
513,G,-4.8
513,H,-3.61
513,I,-0.13
513,K,-2.51
513,L,0.0
513,M,-0.17
513,N,-4.54
513,P,-4.76
513,Q,-4.8
513,R,-4.6
513,S,-4.12
513,T,-1.9
513,V,-0.45
513,W,-1.95
513,Y,-1.78
514,A,-0.09
514,C,-0.12
514,D,-0.47
514,E,-0.38
514,F,-0.23
514,G,-0.06
514,H,-0.01
514,I,-0.01
514,K,-0.11
514,L,-0.22
514,M,-0.17
514,N,-0.06
514,P,-2.52
514,Q,-0.1
514,R,-0.23
514,S,0.0
514,T,0.01
514,V,-0.03
514,W,-0.02
514,Y,-0.12
515,A,-0.65
515,C,-0.86
515,D,-2.93
515,E,-1.09
515,F,0.0
515,G,-0.39
515,H,-0.7
515,I,-0.38
515,K,-1.46
515,L,-0.17
515,M,-0.05
515,N,-1.89
515,P,-0.9
515,Q,-0.32
515,R,-1.34
515,S,-1.09
515,T,-0.74
515,V,-0.42
515,W,-0.29
515,Y,-0.22
516,A,-0.25
516,C,-0.36
516,D,-0.02
516,E,0.0
516,F,-0.46
516,G,-0.15
516,H,-0.08
516,I,-0.36
516,K,-0.15
516,L,-0.54
516,M,-0.32
516,N,-0.06
516,P,-0.24
516,Q,-0.05
516,R,-0.11
516,S,-0.13
516,T,-0.13
516,V,-0.28
516,W,-0.08
516,Y,-0.3
517,A,-0.08
517,C,-0.03
517,D,-0.02
517,E,-0.07
517,F,-0.02
517,H,-0.05
517,I,-0.07
517,K,0.04
517,L,0.0
517,M,0.13
517,N,-0.04
517,P,-0.14
517,Q,-0.01
517,R,0.06
517,S,0.0
517,T,0.0
517,V,-0.02
517,W,-0.11
517,Y,-0.01
518,A,0.04
518,D,0.04
518,E,0.0
518,F,-0.06
518,G,0.0
518,H,-0.03
518,I,0.0
518,K,0.0
518,L,0.0
518,M,0.0
518,N,0.03
518,P,-0.09
518,Q,0.0
518,R,-0.11
518,S,0.09
518,T,0.0
518,V,0.01
518,W,-0.06
518,Y,-0.02
519,A,0.02
519,C,-0.13
519,F,-0.06
519,G,0.0
519,H,0.0
519,I,-0.13
519,K,-0.01
519,L,-0.06
519,M,-0.6
519,N,0.05
519,P,0.02
519,Q,0.0
519,R,-0.06
519,S,0.05
519,T,0.02
519,V,0.01
519,W,-0.07
519,Y,-0.05
520,A,0.0
520,C,-0.2
520,D,-0.02
520,E,0.03
520,F,-0.06
520,G,0.05
520,H,0.01
520,I,-0.16
520,K,-0.02
520,L,-0.03
520,M,-0.05
520,N,-0.05
520,P,0.02
520,Q,-0.02
520,R,-0.03
520,S,-0.04
520,T,0.0
520,V,-0.08
520,W,-0.21
520,Y,-0.02
521,C,-0.11
521,D,0.0
521,E,0.0
521,F,-0.15
521,G,0.02
521,H,0.0
521,I,-0.2
521,K,-0.08
521,L,-0.2
521,M,-0.08
521,N,-0.06
521,P,0.0
521,R,-0.01
521,S,0.04
521,T,-0.03
521,V,-0.06
521,W,-0.57
521,Y,-0.12
522,A,0.0
522,C,-0.07
522,D,-0.04
522,E,-0.01
522,F,0.0
522,G,0.0
522,H,0.03
522,I,-0.01
522,K,0.01
522,L,-0.05
522,M,0.01
522,N,0.0
522,P,0.04
522,Q,-0.04
522,R,-0.02
522,S,-0.03
522,T,0.02
522,V,-0.03
522,W,-0.02
522,Y,0.0
523,A,-0.03
523,I,-0.09
523,N,-0.02
523,R,0.0
523,S,-0.02
523,T,0.0
523,Y,-0.01
524,A,-0.07
524,G,-0.02
524,I,-0.06
524,L,-0.01
524,P,-1.31
524,V,0.0
525,A,-0.07
525,C,0.0
525,D,-0.05
525,F,-0.02
525,G,-0.25
525,H,-0.49
525,I,-0.05
525,K,-0.07
525,L,-0.07
525,M,-0.03
525,N,-0.02
525,P,-0.84
525,Q,-0.35
525,R,-0.08
525,S,-0.04
525,T,-0.08
525,V,-0.06
525,W,-0.11
525,Y,-0.02
526,A,-0.06
526,C,-0.11
526,D,-0.08
526,E,-0.01
526,F,-0.06
526,G,0.0
526,I,-0.12
526,K,0.0
526,L,-0.13
526,M,0.02
526,N,-0.1
526,P,-0.01
526,Q,-0.07
526,R,-0.08
526,S,-0.02
526,T,0.01
526,V,-0.04
526,W,-0.08
527,A,0.02
527,C,0.0
527,D,0.01
527,E,0.02
527,F,0.02
527,G,0.02
527,H,-0.01
527,I,0.01
527,K,0.05
527,L,0.04
527,M,0.11
527,N,0.01
527,P,0.0
527,Q,0.07
527,R,0.03
527,S,0.03
527,T,0.02
527,V,0.04
527,W,-0.2
527,Y,0.03
528,A,-0.02
528,C,-0.01
528,D,0.0
528,E,-0.02
528,F,0.11
528,G,0.0
528,H,-0.01
528,I,-0.06
528,K,0.0
528,L,0.0
528,M,0.01
528,N,0.02
528,P,-0.16
528,Q,0.0
528,R,-0.01
528,S,-0.01
528,T,-0.02
528,V,0.01
528,W,-0.02
528,Y,-0.06
529,A,0.0
529,C,0.01
529,D,0.03
529,E,-0.06
529,F,0.03
529,G,0.03
529,H,-0.02
529,I,0.01
529,K,0.0
529,L,-0.01
529,M,0.03
529,N,-0.08
529,P,0.01
529,Q,0.02
529,R,-0.1
529,S,0.01
529,T,-0.04
529,V,0.07
529,W,0.0
529,Y,0.0
530,A,0.0
530,C,-0.01
530,D,-0.01
530,E,0.05
530,F,0.04
530,G,-0.06
530,H,0.0
530,I,0.02
530,K,-0.02
530,L,0.02
530,M,0.05
530,N,0.08
530,P,0.02
530,Q,-0.04
530,R,-0.05
530,S,0.0
530,T,-0.01
530,V,0.01
530,W,-0.01
530,Y,0.02
531,A,0.0
531,C,-0.03
531,D,-0.01
531,E,0.01
531,F,-0.06
531,G,0.01
531,H,0.02
531,I,-0.01
531,K,-0.01
531,L,0.01
531,M,-0.01
531,N,-0.01
531,P,0.01
531,Q,-0.01
531,R,-0.01
531,S,0.01
531,T,0.0
531,V,0.01
531,W,-0.02
531,Y,-0.01
