T1A,T1A,-0.0035926180384801
T1A,T1C,-0.007170983585453067
T1A,T1G,-0.003609366027870098
T1A,T2A,-0.004738714308938186
T1A,T2C,-0.0011640147922721833
T1A,T2G,-0.009473596897378422
T1A,G3A,0.009240551686594739
T1A,G3C,0.006884038288488686
T1A,G3T,0.00946257791175506
T1A,A4C,0.0729114510228186
T1A,A4G,-0.0009009360637623753
T1A,A4T,0.007344758034221299
T1A,C5A,0.007831289856729345
T1A,C5G,0.0033797069791117462
T1A,C5T,-0.0039568703432936725
T1A,A6C,-0.0017045216319483136
T1A,A6G,-0.004427063525836661
T1A,A6T,-0.004321525524690312
T1A,G7A,-0.0017262050818876162
T1A,G7C,0.010877712430643421
T1A,G7T,0.014651462502269091
T1A,A8C,0.0003680672271510199
T1A,A8G,-0.011877818838928633
T1A,A8T,-0.005948064269596931
T1A,T9A,-0.008149857637363922
T1A,T9C,0.008440831211622396
T1A,T9G,-0.01051753846206499
T1A,A10C,-0.0159788306011657
T1A,A10G,0.004342505731590285
T1A,A10T,-0.00876055771535833
T1A,C11A,0.01297901295830578
T1A,C11G,0.003882520682940066
T1A,C11T,-0.011675483742367987
T1A,T12A,-0.0023826976956722867
T1A,T12C,-0.009455982494970178
T1A,T12G,0.0007541875760717631
T1C,T1A,-0.00625162936786311
T1C,T1C,-0.007358389003254057
T1C,T1G,-0.0140344902963421
T1C,T2A,0.005887188544061811
T1C,T2C,-0.008869783881262194
T1C,T2G,0.004902726303915583
T1C,G3A,0.004090667895526756
T1C,G3C,-0.001327158149995289
T1C,G3T,2.3003633430607184e-06
T1C,A4C,0.07807229723774561
T1C,A4G,-0.001956244562974385
T1C,A4T,0.002529417102474313
T1C,C5A,0.0010806387521653527
T1C,C5G,-3.4389698710252103e-05
T1C,C5T,-0.00489683849498268
T1C,A6C,-0.0071351413335633
T1C,A6G,-0.008507420174546643
T1C,A6T,0.001435995482926694
T1C,G7A,-0.017745697865127613
T1C,G7C,0.003948451080404425
T1C,G7T,0.01125655804850309
T1C,A8C,-0.006130938850581968
T1C,A8G,-0.0014749663949326364
T1C,A8T,-0.009474473023847907
T1C,T9A,-0.002188081452056928
T1C,T9C,-0.005088878021144605
T1C,T9G,-0.009435103840925996
T1C,A10C,-0.0014097329608117048
T1C,A10G,0.005568529074234274
T1C,A10T,-0.00897261185618034
T1C,C11A,0.0038462414918777887
T1C,C11G,-0.01547665781872093
T1C,C11T,-0.00860925507452398
T1C,T12A,-0.003715999220462285
T1C,T12C,-0.00644127419834617
T1C,T12G,0.0007304993535887649
T1G,T1A,0.00015013907640590296
T1G,T1C,-0.004654644830940052
T1G,T1G,-0.0022444990924251063
T1G,T2A,-0.0010902515515111844
T1G,T2C,-0.000986843281533173
T1G,T2G,-0.0018157985012624
T1G,G3A,0.0038825206829397607
T1G,G3C,0.005201597234600702
T1G,G3T,0.007544972123052052
T1G,A4C,0.0769451785760516
T1G,A4G,-0.0005416414408353776
T1G,A4T,0.016041681477345304
T1G,C5A,0.01914064468133836
T1G,C5G,0.012269442779989759
T1G,C5T,0.0003087857427083174
T1G,A6C,0.005171197355708701
T1G,A6G,-0.005845525699706644
T1G,A6T,0.0092461899267397
T1G,G7A,-0.010399865361000599
T1G,G7C,0.011978398692973416
T1G,G7T,0.002993851754666099
T1G,A8C,-0.005634257522124986
T1G,A8G,0.008083804550901366
T1G,A8T,0.0024470363800550843
T1G,T9A,-0.0008847350853199432
T1G,T9C,0.002071687099619385
T1G,T9G,-0.004450584957314985
T1G,A10C,0.005778755892054302
T1G,A10G,0.007411562339933286
T1G,A10T,0.012617841587880665
T1G,C11A,0.012651429150295795
T1G,C11G,0.008490345771468066
T1G,C11T,-0.0035990260459830004
T1G,T12A,0.0016725999657117296
T1G,T12C,-0.0010306484724501852
T1G,T12G,0.010233303125162768
T2A,T1A,-0.011390698149989095
T2A,T1C,-0.003186795712607063
T2A,T1G,-0.005310450891127097
T2A,T2A,-0.006540591866901188
T2A,T2C,-0.004484183263474176
T2A,T2G,-0.002508217708577412
T2A,G3A,0.004046799058732772
T2A,G3C,0.0013352409186456887
T2A,G3T,-0.0028272474110619256
T2A,A4C,0.07486872779230862
T2A,A4G,-0.002257827276963359
T2A,A4T,0.0029241714123982993
T2A,C5A,0.005074314853399375
T2A,C5G,-0.004066312261387234
T2A,C5T,3.3509873031328796e-05
T2A,A6C,-0.004567531423618279
T2A,A6G,-0.005674680103526647
T2A,A6T,0.004531865570620686
T2A,G7A,-0.006465581528183592
T2A,G7C,0.0021388309590504168
T2A,G7T,0.013765253741703093
T2A,A8C,-0.0027254941627739837
T2A,A8G,-0.0069900802492286335
T2A,A8T,-0.01327254119545293
T2A,T9A,-0.006398098077345926
T2A,T9C,0.003064880289845376
T2A,T9G,-0.0015961184216419927
T2A,A10C,-0.0015905571634877158
T2A,A10G,-0.0024753115169117296
T2A,A10T,-0.004484645652879343
T2A,C11A,0.006220874395660783
T2A,C11G,-0.009925237854917918
T2A,C11T,-0.00959305265550199
T2A,T12A,0.010108743105148713
T2A,T12C,-0.008685179508860191
T2A,T12G,0.014215992302107766
T2C,T1A,-0.007470142571498084
T2C,T1C,-0.009243866878630047
T2C,T1G,-0.015444334232609103
T2C,T2A,-0.008727564259858184
T2C,T2C,-0.005469326398278185
T2C,T2G,-0.008565288874600396
T2C,G3A,0.0030208187515697593
T2C,G3C,0.005485417646317714
T2C,G3T,-0.0035128127785999386
T2C,A4C,0.07382782701689761
T2C,A4G,0.005808217293153631
T2C,A4T,0.005206356484067309
T2C,C5A,0.008831730510735353
T2C,C5G,0.010910116962990768
T2C,C5T,-0.011293516131837655
T2C,A6C,-0.0039444432965362874
T2C,A6G,0.0036667718509783565
T2C,A6T,0.014535566079985712
T2C,G7A,0.0007924922514074006
T2C,G7C,0.003509827933686427
T2C,G7T,0.002389505089053112
T2C,A8C,-0.005004816310207966
T2C,A8G,-0.010161808659747612
T2C,A8T,-0.01652928938611592
T2C,T9A,-0.0006092154453189169
T2C,T9C,0.0017033097482823945
T2C,T9G,-0.0023245278642789746
T2C,A10C,-0.009556934881253698
T2C,A10G,-0.0020245318065367224
T2C,A10T,-0.001261018091656324
T2C,C11A,0.004723631656686794
T2C,C11G,-0.005935233332988912
T2C,C11T,0.0015531136739320162
T2C,T12A,-0.0011647241013302834
T2C,T12C,-0.004353631028427174
T2C,T12G,0.003548364406036786
T2G,T1A,-0.009478224255428089
T2G,T1C,-0.0006823920052350524
T2G,T1G,-0.0009392311575490975
T2G,T2A,-0.006984930289776176
T2G,T2C,0.001139050742617831
T2G,T2G,-0.00565472989063541
T2G,G3A,-0.0019531600737912186
T2G,G3C,0.004107672932495698
T2G,G3T,-0.00016142497678892087
T2G,A4C,0.06886153504086161
T2G,A4G,-0.007836778800769356
T2G,A4T,-0.006464726242277688
T2G,C5A,0.01378301071589437
T2G,C5G,0.01197933952210277
T2G,C5T,0.0008142818892743348
T2G,A6C,-0.006861767898298274
T2G,A6G,-0.00821349568293464
T2G,A6T,0.006227907834114699
T2G,G7A,-0.006645874876055585
T2G,G7C,0.004034798362919423
T2G,G7T,0.020182836710183102
T2G,A8C,0.003589095897814018
T2G,A8G,0.010719128754334173
T2G,A8T,-0.008066008958549906
T2G,T9A,-0.009147958161214928
T2G,T9C,0.003764763320182399
T2G,T9G,-0.0064802217116919775
T2G,A10C,-0.007579133331901702
T2G,A10G,0.008909677418855289
T2G,A10T,0.006844562529225662
T2G,C11A,0.0063100830369478
T2G,C11G,-0.006041095893223908
T2G,C11T,-0.002093654633819983
T2G,T12A,-0.0008307268533342821
T2G,T12C,-0.005467499615921176
T2G,T12G,0.0062234164038287715
G3A,T1A,-0.001942435537565096
G3A,T1C,-0.0009457750082280669
G3A,T1G,-0.0024039530556370925
G3A,T2A,-0.004212230863296196
G3A,T2C,0.00622180591737681
G3A,T2G,-0.005184970102016406
G3A,G3A,0.004720939455573753
G3A,G3C,0.003478599752192696
G3A,G3T,0.008986059550467052
G3A,A4C,0.0792946926656726
G3A,A4G,-0.0035504052458983915
G3A,A4T,0.014004208573869303
G3A,C5A,0.00803948635941737
G3A,C5G,0.008241818779485766
G3A,C5T,-0.001353158565721685
G3A,A6C,-0.008652155195081307
G3A,A6G,-0.009584107562517652
G3A,A6T,0.00620320676393471
G3A,G7A,-0.00892604033996261
G3A,G7C,0.008836333718918427
G3A,G7T,0.03627627486873809
G3A,A8C,-0.009219986547782971
G3A,A8G,0.00891202839525837
G3A,A8T,-0.005819921984855925
G3A,T9A,0.004414673959186072
G3A,T9C,-7.728365938861059e-05
G3A,T9G,-0.0015137669789489772
G3A,A10C,-0.0006950612038287007
G3A,A10G,0.005210457370305288
G3A,A10T,-0.0028950673834253204
G3A,C11A,0.012685981419586795
G3A,C11G,-0.0023644242647538893
G3A,C11T,-0.005148238990288989
G3A,T12A,0.007216675660739719
G3A,T12C,0.0025367764440308305
G3A,T12G,0.007711912034791768
G3C,T1A,-0.009120914518343098
G3C,T1C,-0.004475891238994056
G3C,T1G,-0.0033532616606291032
G3C,T2A,-0.0015439326797901942
G3C,T2C,-0.006467057514172175
G3C,T2G,0.00010896047330358205
G3C,G3A,0.009124526912008768
G3C,G3C,-0.0021027471980973045
G3C,G3T,-0.00798903075251095
G3C,A4C,0.07625752285857659
G3C,A4G,-0.00958188585748837
G3C,A4T,0.0068790810541553005
G3C,C5A,0.007875405891749343
G3C,C5G,0.022544344381984757
G3C,C5T,0.008546249002764322
G3C,A6C,0.0027116358307197053
G3C,A6G,-0.0005655542425916649
G3C,A6T,-0.0011535836612812933
G3C,G7A,-0.0034993517196235946
G3C,G7C,0.002957971548457422
G3C,G7T,-0.0059343050012229115
G3C,A8C,-0.005341614921058974
G3C,A8G,0.0006000457861833619
G3C,A8T,-0.0022954442627639293
G3C,T9A,-0.012034858616339933
G3C,T9C,-0.0008224213014565995
G3C,T9G,-0.009239497368718985
G3C,A10C,-0.0014486900051376983
G3C,A10G,0.009511829241994285
G3C,A10T,-0.008190532447720333
G3C,C11A,0.0026843807587287882
G3C,C11G,-0.008417880970998937
G3C,C11T,-0.00740332938892499
G3C,T12A,-0.0022917420934962796
G3C,T12C,-0.010072757314671166
G3C,T12G,0.01451471788969877
G3T,T1A,-0.012012174793337091
G3T,T1C,-0.004158635704575045
G3T,T1G,-0.003870457597641083
G3T,T2A,-0.0025403014856131695
G3T,T2C,-0.0036177969044261654
G3T,T2G,0.008595805054595604
G3T,G3A,0.0072096539574597746
G3T,G3C,0.016317501434083698
G3T,G3T,-0.030782703215121915
G3T,A4C,0.0705235317574536
G3T,A4G,0.001687267523098654
G3T,A4T,0.006245517886507318
G3T,C5A,0.008662303288481388
G3T,C5G,0.004475002962547769
G3T,C5T,-0.0015713958030966618
G3T,A6C,-0.005103013026416275
G3T,A6G,-0.01038766170823864
G3T,A6T,0.0021829099024096993
G3T,G7A,-0.013748097037170587
G3T,G7C,-0.008426026203781564
G3T,G7T,0.0032160870026651245
G3T,A8C,-0.005531800587668972
G3T,A8G,-0.005925686500151614
G3T,A8T,-0.011927000366596927
G3T,T9A,-0.0016608252618389163
G3T,T9C,0.0016133535859353954
G3T,T9G,0.005220264834764024
G3T,A10C,-0.007457834530245705
G3T,A10G,-0.005109991337425707
G3T,A10T,-0.012606336055241335
G3T,C11A,0.00404310871809381
G3T,C11G,-0.0035336082439278993
G3T,C11T,-0.005924213121357977
G3T,T12A,0.001740123080659725
G3T,T12C,-0.005317127411710171
G3T,T12G,0.011072114496783789
A4C,T1A,-0.006713939382291104
A4C,T1C,-0.00732254614410606
A4C,T1G,0.0028124091271099078
A4C,T2A,-0.001628666297278189
A4C,T2C,-0.0059820512917591745
A4C,T2G,-0.0003232954621774087
A4C,G3A,-0.0029229448613462272
A4C,G3C,-0.0033841817946853037
A4C,G3T,0.003325602649988074
A4C,A4C,0.07759179261153862
A4C,A4G,0.0025734798393586417
A4C,A4T,0.00991077217283129
A4C,C5A,0.012424371554905375
A4C,C5G,0.0031400734757367488
A4C,C5T,0.0007147782918213302
A4C,A6C,-0.003166022726026285
A4C,A6G,-1.3363898089646664e-05
A4C,A6T,0.0011014614601856931
A4C,G7A,-0.003973111914533589
A4C,G7C,0.009233700566845415
A4C,G7T,0.013737375313075104
A4C,A8C,-0.005065250585257988
A4C,A8G,-0.0007495453355406273
A4C,A8T,-0.005553597315084924
A4C,T9A,0.001529426470139067
A4C,T9C,0.0008740881736943873
A4C,T9G,0.0020563543952330093
A4C,A10C,-0.0003627136949597015
A4C,A10G,0.009439141745485269
A4C,A10T,0.001175740090355662
A4C,C11A,0.0115617701736688
A4C,C11G,-0.0009959086741739148
A4C,C11T,-0.006851139044422985
A4C,T12A,0.004242057240252728
A4C,T12C,-0.007408433146128185
A4C,T12G,0.008422429572169793
A4G,T1A,-0.0008813588515680926
A4G,T1C,-0.008177679846007063
A4G,T1G,-0.0041877131320590955
A4G,T2A,-0.008363912837333176
A4G,T2C,-0.004956920824965183
A4G,T2G,0.003930884507570592
A4G,G3A,-0.004914123030313244
A4G,G3C,0.0008656610136416887
A4G,G3T,0.008250318444115057
A4G,A4C,0.0751129632712616
A4G,A4G,-0.011841934203677379
A4G,A4T,0.0071341880376883104
A4G,C5A,0.0055234623501733415
A4G,C5G,0.002246171803841762
A4G,C5T,0.006766043865316318
A4G,A6C,0.0050723523502747
A4G,A6G,0.006087989600758348
A4G,A6T,0.008507944792347705
A4G,G7A,-0.006697223977165601
A4G,G7C,0.0011584545243594202
A4G,G7T,0.016146821506609094
A4G,A8C,0.000969085015028015
A4G,A8G,-0.015435471168259635
A4G,A8T,-0.008057590759297906
A4G,T9A,-0.00922349117401794
A4G,T9C,-0.0014155533377926133
A4G,T9G,0.0054190915446660215
A4G,A10C,-0.011683640985536703
A4G,A10G,0.010989071746257267
A4G,A10T,-0.0007674358466623343
A4G,C11A,0.005521350111739792
A4G,C11G,-0.008243956486719939
A4G,C11T,-0.00457785295201199
A4G,T12A,0.0032951241758457095
A4G,T12C,0.00297345719581682
A4G,T12G,-0.003630704020670228
A4T,T1A,-0.004680759704358106
A4T,T1C,-0.008285381558805066
A4T,T1G,-0.0035810459892030855
A4T,T2A,-0.004728997831274173
A4T,T2C,-0.0040844811057561825
A4T,T2G,0.0014060580419565927
A4T,G3A,-0.0034541030932122296
A4T,G3C,0.005499759954899708
A4T,G3T,-0.006012284037991922
A4T,A4C,0.0691786178061686
A4T,A4G,-0.004529067782764379
A4T,A4T,0.011014403126381314
A4T,C5A,0.001008423977910372
A4T,C5G,-0.004748740644917232
A4T,C5T,-0.006271001658765679
A4T,A6C,-6.515951838227674e-05
A4T,A6G,0.0031587807516733624
A4T,A6T,-0.0006567655122612925
A4T,G7A,-0.0002807968807665845
A4T,G7C,0.0011716557313014297
A4T,G7T,0.0033110855787810978
A4T,A8C,-0.010033025971710977
A4T,A8G,-0.020906979344776616
A4T,A8T,-0.00843902777238792
A4T,T9A,-0.011624972130269917
A4T,T9C,0.0013487387516374072
A4T,T9G,-0.0030043014914989674
A4T,A10C,0.0005603983861172945
A4T,A10G,0.0013770969099412833
A4T,A10T,-0.006318010217129341
A4T,C11A,0.0181983331266298
A4T,C11G,-0.010866237528528902
A4T,C11T,-0.0003333475737439806
A4T,T12A,-0.005280700857041271
A4T,T12C,-0.005116663909686167
A4T,T12G,0.005623057926601782
C5A,T1A,0.0035589762362749078
C5A,T1C,-0.0027046569475540627
C5A,T1G,-0.0005129925953460956
C5A,T2A,-0.00796806184354118
C5A,T2C,-0.005074141412748173
C5A,T2G,0.0005541513444185936
C5A,G3A,0.006503166504817776
C5A,G3C,0.001081785706438701
C5A,G3T,0.004924916721659081
C5A,A4C,0.0716335986492036
C5A,A4G,0.008828971904340649
C5A,A4T,0.005505024990486315
C5A,C5A,0.012334972447658382
C5A,C5G,0.011156807921902767
C5A,C5T,0.004863533249887336
C5A,A6C,-0.005154200166778283
C5A,A6G,-0.00483822087278564
C5A,A6T,0.006151027839568696
C5A,G7A,-0.0016594599681545863
C5A,G7C,0.006077341892939431
C5A,G7T,0.011689637651768114
C5A,A8C,-0.004520793810520979
C5A,A8G,-0.0012210476318216257
C5A,A8T,0.005882973796998078
C5A,T9A,-0.007409790382769926
C5A,T9C,0.0020262235577933885
C5A,T9G,-0.002017411256455978
C5A,A10C,-0.006653983358942711
C5A,A10G,-0.0010239215456227246
C5A,A10T,9.5761012944659e-05
C5A,C11A,0.004765382755001796
C5A,C11G,-0.005354005367338904
C5A,C11T,0.0008312195748380186
C5A,T12A,-0.004875958576052275
C5A,T12C,-0.0077625649806541824
C5A,T12G,0.0037464203774977833
C5G,T1A,0.00013357230145691346
C5G,T1C,-0.0006493417309240412
C5G,T1G,-0.012486357878146087
C5G,T2A,-0.0003268059670441803
C5G,T2C,-0.006437045386316176
C5G,T2G,0.004800905670743594
C5G,G3A,0.006708887543197761
C5G,G3C,-0.002359588366127291
C5G,G3T,0.016083444063782065
C5G,A4C,0.0779542451585356
C5G,A4G,0.0017676935070066457
C5G,A4T,0.011699450224088304
C5G,C5A,4.640300797636998e-05
C5G,C5G,0.003353936140971764
C5G,C5T,0.0009373339106603373
C5G,A6C,0.0006951866648447214
C5G,A6G,-0.0015518016744016372
C5G,A6T,0.0073972438209797264
C5G,G7A,-0.0030126497217065895
C5G,G7C,0.016811046989433434
C5G,G7T,0.0030387942628301023
C5G,A8C,-0.004604763398897954
C5G,A8G,-0.011543443012023619
C5G,A8T,0.002670772346581085
C5G,T9A,-0.0010450073144419314
C5G,T9C,0.0018674352139514128
C5G,T9G,-0.0003538808741639643
C5G,A10C,-0.004203014100158692
C5G,A10G,0.014139847325333299
C5G,A10T,-0.0019879425456053312
C5G,C11A,0.0058710625939008
C5G,C11G,0.01114287521580011
C5G,C11T,-0.002289611366581984
C5G,T12A,-0.0023251521978942813
C5G,T12C,0.0015905280114318354
C5G,T12G,0.016062850307895782
C5T,T1A,-0.00833905786120509
C5T,T1C,-0.0016881077428140545
C5T,T1G,-0.007190775710994093
C5T,T2A,-0.005972299079511176
C5T,T2C,-0.0050735338625151755
C5T,T2G,-0.005768416694602402
C5T,G3A,0.0024454684300117685
C5T,G3C,0.007243840078799718
C5T,G3T,0.010162291746689062
C5T,A4C,0.06966480059348862
C5T,A4G,-0.0005097793543393514
C5T,A4T,0.005163084578049315
C5T,C5A,0.007473500248171366
C5T,C5G,0.00401562492121077
C5T,C5T,-0.0060867808826486625
C5T,A6C,-0.007630997154065275
C5T,A6G,0.01097560667263936
C5T,A6T,0.006381761624807719
C5T,G7A,-0.011588889412180572
C5T,G7C,-0.002582480806284565
C5T,G7T,0.0120754511449091
C5T,A8C,-0.00676777255725898
C5T,A8G,0.010717472026475383
C5T,A8T,-0.007468042425654908
C5T,T9A,0.0035380111733210734
C5T,T9C,-0.001253462028761601
C5T,T9G,-0.008851443549112964
C5T,A10C,-0.006174117559797701
C5T,A10G,0.009208669111800294
C5T,A10T,-0.005608930256325334
C5T,C11A,0.012437321619142794
C5T,C11G,-0.0028040610271579114
C5T,C11T,-0.016728495105037988
C5T,T12A,0.0035764269439227253
C5T,T12C,0.0013498009163498276
C5T,T12G,0.015861825871324786
A6C,T1A,-0.0010715507897019888
A6C,T1C,-0.0016858946829481497
A6C,T1G,0.00015995188054780674
A6C,T2A,-0.002328746862143974
A6C,T2C,-0.006328751117042675
A6C,T2G,-0.001566707496024597
A6C,G3A,0.010137208581435186
A6C,G3C,0.0016054981808870938
A6C,G3T,-0.0019489079634027184
A6C,A4C,0.06011948708625653
A6C,A4G,-0.0011609791344916465
A6C,A4T,0.015266092429242414
A6C,C5A,0.009433625445816884
A6C,C5G,0.005986728380849973
A6C,C5T,-0.0011167695210003714
A6C,A6C,-0.002898102627615376
A6C,A6G,-0.004092687698931646
A6C,A6T,0.007346961614913397
A6C,G7A,-0.0046467912489043806
A6C,G7C,0.007859395934189634
A6C,G7T,0.023077099996050204
A6C,A8C,-0.0019180867862058776
A6C,A8G,-0.0014300238867679116
A6C,A8T,-0.004070072411736528
A6C,T9A,-0.0010047410715684213
A6C,T9C,0.00021564735982819438
A6C,T9G,-0.004004484139309983
A6C,A10C,-0.0014300802124992962
A6C,A10G,0.003483635873448382
A6C,A10T,-7.64458285516384e-05
A6C,C11A,0.010430891020950794
A6C,C11G,-0.0023379667374407026
A6C,C11T,-0.003868355696567183
A6C,T12A,0.0004017568350549311
A6C,T12C,0.0014698592484776174
A6C,T12G,0.005321731927150186
A6G,T1A,-0.006901741904374106
A6G,T1C,-0.00367667737398146
A6G,T1G,-0.004874028355361007
A6G,T2A,-0.0019340062848013928
A6G,T2C,0.0003613384549768228
A6G,T2G,-0.002762712884099211
A6G,G3A,0.008855013104929269
A6G,G3C,-0.0007044818652171131
A6G,G3T,-0.002928767232336829
A6G,A4C,0.045465990800115305
A6G,A4G,-0.002625989059210271
A6G,A4T,0.0025049924970416
A6G,C5A,0.010933824283089172
A6G,C5G,0.0040534623521840535
A6G,C5T,-0.0009488641968024708
A6G,A6C,-0.004096616314081786
A6G,A6G,-0.014578377306381146
A6G,A6T,-0.0006147055565216136
A6G,G7A,0.004302443767966305
A6G,G7C,-0.001033203300568386
A6G,G7T,0.002753426273401083
A6G,A8C,-0.005749489959248885
A6G,A8G,-0.0031502220501888334
A6G,A8T,-0.005378718965551713
A6G,T9A,-0.002203109035314635
A6G,T9C,0.0015486189939222933
A6G,T9G,-0.007543372624434691
A6G,A10C,-0.007156784138974706
A6G,A10G,0.003037254678847884
A6G,A10T,-0.002712404133334345
A6G,C11A,0.005512819860932688
A6G,C11G,0.0012148402679783843
A6G,C11T,-0.010275234046669385
A6G,T12A,0.0010698317921450234
A6G,T12C,0.0008029474580055068
A6G,T12G,-0.0006273043050188248
A6T,T1A,-0.00038238626141070056
A6T,T1C,-0.0028615077131103617
A6T,T1G,-0.002361037830385798
A6T,T2A,-0.0051205717976561815
A6T,T2C,0.0008245271186895289
A6T,T2G,-0.0023919041354736117
A6T,G3A,0.002832387231909171
A6T,G3C,0.0074786770714119
A6T,G3T,0.006754959439775568
A6T,A4C,0.014410826577953798
A6T,A4G,-0.000904826173605662
A6T,A4T,0.001957812389915211
A6T,C5A,0.00869932520511017
A6T,C5G,0.001837406007806356
A6T,C5T,0.0035701261505391296
A6T,A6C,0.002295341405544521
A6T,A6G,-0.003037812837317539
A6T,A6T,0.0022428307678438
A6T,G7A,-0.002032429252605692
A6T,G7C,0.0025840773027266187
A6T,G7T,0.005139061164891701
A6T,A8C,-0.006051156979128478
A6T,A8G,-0.004068471202293519
A6T,A8T,-0.0029362871727341214
A6T,T9A,-0.00041295209849243064
A6T,T9C,-0.002369389159069611
A6T,T9G,-0.0008023927465338788
A6T,A10C,-0.003319760601556001
A6T,A10G,0.006216239045865778
A6T,A10T,-0.003852403473478941
A6T,C11A,0.006276520687228001
A6T,C11G,-0.006064280948971511
A6T,C11T,-0.004004484139309778
A6T,T12A,-0.0057547252452421795
A6T,T12C,-0.003585374728358879
A6T,T12G,0.00206170280988998
G7A,T1A,-0.0038199608957244086
G7A,T1C,-0.00708243465944846
G7A,T1G,-0.0018051343092210029
G7A,T2A,-0.009473841026807484
G7A,T2C,-0.004711945046042575
G7A,T2G,-0.003317529837761214
G7A,G3A,-0.015138550686764635
G7A,G3C,-0.0201749568763598
G7A,G3T,-0.012938181038190631
G7A,A4C,-0.04093643389136029
G7A,A4G,-0.00529103132279176
G7A,A4T,-0.013178031479332393
G7A,C5A,-0.009709017624725633
G7A,C5G,-0.007464570595043844
G7A,C5T,-0.010682102400720976
G7A,A6C,-0.00891650531335108
G7A,A6G,-0.006565713390227143
G7A,A6T,0.005378351021535097
G7A,G7A,-0.007962527733734799
G7A,G7C,0.0004634414940847126
G7A,G7T,0.004598571555747298
G7A,A8C,-0.005246421021580079
G7A,A8G,-0.004650319847009324
G7A,A8T,-0.0019287947573969205
G7A,T9A,-0.00436302728329014
G7A,T9C,-0.011261470803308915
G7A,T9G,-0.0071051606238798845
G7A,A10C,-0.006630258577664201
G7A,A10G,-0.00440903547363642
G7A,A10T,-0.0023678961199182433
G7A,C11A,0.002929550272693697
G7A,C11G,-0.00505050310577821
G7A,C11T,-0.0023685562382840877
G7A,T12A,-0.009845143374512186
G7A,T12C,-0.001636007165436583
G7A,T12G,-0.01687214121010192
G7C,T1A,-0.008951796343394491
G7C,T1C,-0.00844227946074426
G7C,T1G,-0.006188561642613791
G7C,T2A,-0.010357272029013487
G7C,T2C,-0.013250633851717375
G7C,T2G,-0.015784005898077907
G7C,G3A,-0.026614936727663525
G7C,G3C,-0.023263480285929707
G7C,G3T,-0.029175382767585724
G7C,A4C,-0.0687758216754989
G7C,A4G,-0.015541860341715355
G7C,A4T,-0.02600414046472259
G7C,C5A,-0.029330333080905928
G7C,C5G,-0.028873765465315032
G7C,C5T,-0.018614472276929972
G7C,A6C,-0.003843753664134683
G7C,A6G,-0.00461332994081555
G7C,A6T,0.0009512941941824948
G7C,G7A,-0.007557038253354381
G7C,G7C,-0.0011534262261142791
G7C,G7T,-0.0036676608937882965
G7C,A8C,-0.00867027422010068
G7C,A8G,-0.010228519369820221
G7C,A8T,-0.008828283018441727
G7C,T9A,-0.008475940574430033
G7C,T9C,-0.023612371748528815
G7C,T9G,-0.005051863045148083
G7C,A10C,-0.009234478366493201
G7C,A10G,-0.031089287113642027
G7C,A10T,-0.006691223622263945
G7C,C11A,-0.003186446388653008
G7C,C11G,-0.004443454424279514
G7C,C11T,-0.002073498131022783
G7C,T12A,-0.027787979772709977
G7C,T12C,-0.007585532560208885
G7C,T12G,-0.028177815730465725
G7T,T1A,-0.004580841298844708
G7T,T1C,-0.006860718919610362
G7T,T1G,-0.009187932691905105
G7T,T2A,-0.009455467868226583
G7T,T2C,-0.006462072969891569
G7T,T2G,-0.011938864111878916
G7T,G3A,-0.024311348663397934
G7T,G3C,-0.0241070918187719
G7T,G3T,-0.024732122662860134
G7T,A4C,-0.05368433191050239
G7T,A4G,-0.017992489855782563
G7T,A4T,-0.02494553051611029
G7T,C5A,-0.025619436344316834
G7T,C5G,-0.021397976223140845
G7T,C5T,-0.013868851630454572
G7T,A6C,-0.00497538453940638
G7T,A6G,-0.005813668135661941
G7T,A6T,0.0038372127010661006
G7T,G7A,-0.006780311937308596
G7T,G7C,-0.011738763527884784
G7T,G7T,-0.0221662061679117
G7T,A8C,-0.006555443996029982
G7T,A8G,-0.005101814567166428
G7T,A8T,-0.0051775923046478226
G7T,T9A,-0.007026508787622336
G7T,T9C,-0.025441836193167113
G7T,T9G,-0.005517787095557385
G7T,A10C,-0.007088119721207299
G7T,A10G,-0.02482968203633172
G7T,A10T,-0.009795976418765243
G7T,C11A,-0.009473186697662502
G7T,C11G,-0.008347898827548016
G7T,C11T,0.001931893577066017
G7T,T12A,-0.018108026379256084
G7T,T12C,-0.007027916185758182
G7T,T12G,-0.02676498580992182
A8C,T1A,-0.005167446587483096
A8C,T1C,-0.005321670259546066
A8C,T1G,-0.0034121240839571076
A8C,T2A,-0.0075433460976371824
A8C,T2C,-0.004674585032987177
A8C,T2G,-0.0021427748437124056
A8C,G3A,-0.005065615481395225
A8C,G3C,-0.004854291606335312
A8C,G3T,0.0004684079506370731
A8C,A4C,0.0732458268497236
A8C,A4G,-0.0055063378385983575
A8C,A4T,-0.0009977163538656963
A8C,C5A,0.010059920526791374
A8C,C5G,-0.00039824769181223685
A8C,C5T,-0.008376917915805679
A8C,A6C,0.0006113689286587204
A8C,A6G,-0.0023778149262036474
A8C,A6T,-0.0024998155493703156
A8C,G7A,-0.008860830728431593
A8C,G7C,0.011005231688642425
A8C,G7T,-0.0050931101287239045
A8C,A8C,-0.009401440032833996
A8C,A8G,-0.004168638792650628
A8C,A8T,-0.007785819340622918
A8C,T9A,-0.004591291711516926
A8C,T9C,0.00036749645562939026
A8C,T9G,-0.002136652238311984
A8C,A10C,-0.00540893978575771
A8C,A10G,-0.0014081757346387225
A8C,A10T,-0.0025022345289893444
A8C,C11A,0.015108021360504792
A8C,C11G,-0.010556779921525913
A8C,C11T,0.0012375220897590106
A8C,T12A,-0.0002495206711222858
A8C,T12C,-0.01269368263256919
A8C,T12G,0.01145807937268177
A8G,T1A,-0.0005115842015180894
A8G,T1C,-0.0049125424372910564
A8G,T1G,-3.735545483210534e-05
A8G,T2A,-0.00661746378303818
A8G,T2C,-0.004228484214981176
A8G,T2G,-0.007612452909753403
A8G,G3A,-0.004177243262018238
A8G,G3C,-0.0005375268895712881
A8G,G3T,0.00019873552192906097
A8G,A4C,0.0791839596351426
A8G,A4G,-0.014228477075930362
A8G,A4T,0.0040435430608403156
A8G,C5A,0.008345047754063362
A8G,C5G,0.0026285966774787783
A8G,C5T,-0.008657873939069666
A8G,A6C,-0.0029729120035892898
A8G,A6G,0.0019389497905613617
A8G,A6T,0.0024991269694137064
A8G,G7A,-0.009925455479504602
A8G,G7C,-0.0015506610712715807
A8G,G7T,0.024638020521090098
A8G,A8C,-0.010955256608179975
A8G,A8G,-0.005761270771039634
A8G,A8T,-0.00931207864080591
A8G,T9A,-0.009895068973554938
A8G,T9C,0.001296098051517397
A8G,T9G,-0.005414932565253994
A8G,A10C,-0.00630328100222069
A8G,A10G,0.012192887405076291
A8G,A10T,-0.009812326537435329
A8G,C11A,0.002446072199994792
A8G,C11G,-0.003845737128369886
A8G,C11T,-0.0007608469663779871
A8G,T12A,-0.007918697310204281
A8G,T12C,-0.0042612693470761576
A8G,T12G,0.008565229524130774
A8T,T1A,-0.0032159248291951104
A8T,T1C,-0.01484025922605206
A8T,T1G,-0.0084136414237021
A8T,T2A,-0.006059855522283192
A8T,T2C,-0.012626271983380177
A8T,T2G,-0.00585141666662542
A8T,G3A,0.0007946838532007505
A8T,G3C,0.0032776127852187087
A8T,G3T,-0.00735967481555394
A8T,A4C,0.0762125192250086
A8T,A4G,-0.0038242024157313648
A8T,A4T,0.007245037764092299
A8T,C5A,0.005462549989802362
A8T,C5G,0.005475232073486769
A8T,C5T,0.000978032641015314
A8T,A6C,-0.003123454911410306
A8T,A6G,-0.007872217564213663
A8T,A6T,-0.00956414800957131
A8T,G7A,-0.0042967982733246035
A8T,G7C,0.0001333114056134288
A8T,G7T,0.02123917527147509
A8T,A8C,-0.01102757755844297
A8T,A8G,-0.006404925776757636
A8T,A8T,-0.006536271565024926
A8T,T9A,-0.007687193603732934
A8T,T9C,-0.004735539437975611
A8T,T9G,-0.01573190749838399
A8T,A10C,-0.004747959923597694
A8T,A10G,-0.004965853145340732
A8T,A10T,-0.006080782724492334
A8T,C11A,-0.007547790534886217
A8T,C11G,-0.007996030933343917
A8T,C11T,-0.005597825056895989
A8T,T12A,0.0037537113386517107
A8T,T12C,-0.007960623490630175
A8T,T12G,0.009232502369476758
T9A,T1A,-0.002073112814156397
T9A,T1C,-0.004475891238993057
T9A,T1G,-0.002196817739174295
T9A,T2A,-0.0017197843967570875
T9A,T2C,-0.005686612834755286
T9A,T2G,-0.005685416722582104
T9A,G3A,-0.0008561840338968257
T9A,G3C,0.003310394129233285
T9A,G3T,0.0011575993836276666
T9A,A4C,0.0485182744884856
T9A,A4G,-0.003631607147858068
T9A,A4T,-0.0019465361168581885
T9A,C5A,0.009371717857811074
T9A,C5G,-0.0009937288716352355
T9A,C5T,-0.004856479545942968
T9A,A6C,-0.008662649904772085
T9A,A6G,-0.002981883284540854
T9A,A6T,0.0011320139191149936
T9A,G7A,-0.003739770031889786
T9A,G7C,0.0053661608883820155
T9A,G7T,0.010662407685526995
T9A,A8C,-0.0030505776793143813
T9A,A8G,-0.003747824602769123
T9A,A8T,0.00031318160553618635
T9A,T9A,-0.0014778408918290353
T9A,T9C,-0.00034245136545831
T9A,T9G,-0.0011106846783740798
T9A,A10C,-0.005151833863150906
T9A,A10G,0.004889044972938086
T9A,A10T,-0.005740506961097541
T9A,C11A,0.01190847139696799
T9A,C11G,-0.007364828165494219
T9A,C11T,-0.008614635894843292
T9A,T12A,0.004977842652483119
T9A,T12C,0.0023287930222263137
T9A,T12G,0.008143109330784368
T9C,T1A,-0.002205788746877893
T9C,T1C,-0.0035214987586209556
T9C,T1G,-0.002533054118186495
T9C,T2A,-0.002677774826931281
T9C,T2C,-0.004526261019887873
T9C,T2G,0.0003321756319659974
T9C,G3A,-0.004990919300915317
T9C,G3C,-0.001878552326078406
T9C,G3T,-0.004250308056258825
T9C,A4C,0.04782797226253521
T9C,A4G,-0.002254021367880346
T9C,A4T,0.0052250274538561126
T9C,C5A,0.009068679410109082
T9C,C5G,0.005315439455897769
T9C,C5T,0.0007216818420802407
T9C,A6C,-0.005120153163381269
T9C,A6G,-0.005089645694576539
T9C,A6T,0.0042124943014913985
T9C,G7A,-0.0007053574592575801
T9C,G7C,-0.00013619407065657008
T9C,G7T,0.005306435601179299
T9C,A8C,-0.0023443818023868856
T9C,A8G,-0.0066133215120966204
T9C,A8T,-0.007729484729501301
T9C,T9A,-0.0068442792972563254
T9C,T9C,0.003456912647577498
T9C,T9G,-0.005913644723142375
T9C,A10C,-0.0010416420264651033
T9C,A10G,0.009341405812150386
T9C,A10T,-0.007517079554718531
T9C,C11A,0.0059840974998500995
T9C,C11G,-0.008561695140163
T9C,C11T,-0.0013538162960925748
T9C,T12A,-0.0015074037487776693
T9C,T12C,-0.0008455126444508743
T9C,T12G,0.011472053677570287
T9G,T1A,-0.01047222713597909
T9G,T1C,-0.009035719666043052
T9G,T1G,-0.006070017236499095
T9G,T2A,-0.009914934144221177
T9G,T2C,-0.0068128227752901754
T9G,T2G,0.00018574205782059816
T9G,G3A,-0.0048073911756182225
T9G,G3C,2.490977636869507e-05
T9G,G3T,-0.006368450561659925
T9G,A4C,0.0660318419253196
T9G,A4G,0.009217281490523338
T9G,A4T,0.004017754230028314
T9G,C5A,0.003785219327013381
T9G,C5G,0.008619520620727766
T9G,C5T,0.0029862379279043255
T9G,A6C,-0.00575997961056228
T9G,A6G,-0.00869926847801765
T9G,A6T,0.00351643918246769
T9G,G7A,-0.0028268537531535853
T9G,G7C,-0.003172029139926577
T9G,G7T,0.0334521027146646
T9G,A8C,-0.010003267883974987
T9G,A8G,-0.007687507337064622
T9G,A8T,-0.008966963166121916
T9G,T9A,0.010842956800978479
T9G,T9C,0.0010530343412313986
T9G,T9G,-0.0022970483151409787
T9G,A10C,-0.002895888681958711
T9G,A10G,0.006151024126690288
T9G,A10T,-0.011392027150972345
T9G,C11A,-0.002008106234135207
T9G,C11G,-0.011128992806113916
T9G,C11T,-0.004649031902502987
T9G,T12A,0.0019725155562117236
T9G,T12C,-0.00756292771175518
T9G,T12G,-0.00011386050099322642
A10C,T1A,0.003658390232666897
A10C,T1C,-0.004940810012202063
A10C,T1G,0.0027382655738958928
A10C,T2A,-0.002131502091764187
A10C,T2C,0.002697494490973812
A10C,T2G,0.0019455903315385853
A10C,G3A,0.0033433700085567647
A10C,G3C,-0.004813066220369311
A10C,G3T,0.0036904900170660754
A10C,A4C,0.0679588781124906
A10C,A4G,-0.011733305741433359
A10C,A4T,0.005662378975245311
A10C,C5A,0.01027208394123437
A10C,C5G,0.005204648972389758
A10C,C5T,-0.0014699193653036763
A10C,A6C,0.0012065588479687195
A10C,A6G,0.004282280402907346
A10C,A6T,0.0019660320638826972
A10C,G7A,0.0026515026782734097
A10C,G7C,0.0024936951061184237
A10C,G7T,0.01597359079171909
A10C,A8C,-0.00638231863637799
A10C,A8G,-0.0033873042515106255
A10C,A8T,-0.01797650837017692
A10C,T9A,-0.0017826233587299317
A10C,T9C,0.0033963649535783957
A10C,T9G,-0.00716158599514799
A10C,A10C,-0.0063823532671607175
A10C,A10G,0.0038381374696092874
A10C,A10T,-0.0020825716024743396
A10C,C11A,0.015439942270458792
A10C,C11G,-0.008764754169221914
A10C,C11T,-0.006637276379188983
A10C,T12A,-0.0022310354048242775
A10C,T12C,-0.0023831727392911867
A10C,T12G,0.007468935641306768
A10G,T1A,-0.0092505372698721
A10G,T1C,-0.0037810334364220544
A10G,T1G,0.006820047209658897
A10G,T2A,-0.008519417047271188
A10G,T2C,0.006212857410271819
A10G,T2G,0.0036833136504135777
A10G,G3A,0.01161071842547376
A10G,G3C,0.0053778796872797074
A10G,G3T,-0.0023411474724269465
A10G,A4C,0.07438393374144461
A10G,A4G,0.001497426343680608
A10G,A4T,0.012899942150336297
A10G,C5A,0.014103456254928343
A10G,C5G,0.01989506950024876
A10G,C5T,0.002880396496555332
A10G,A6C,0.0031170939240466877
A10G,A6G,-0.0031487541965986576
A10G,A6T,0.0010848481912897057
A10G,G7A,-0.017439376877132595
A10G,G7C,-0.003189210488247579
A10G,G7T,0.009847660720348095
A10G,A8C,-0.005092891037926983
A10G,A8G,-0.010772821158934631
A10G,A8T,-0.002072393853761928
A10G,T9A,0.009976368608949071
A10G,T9C,-0.0037569132821536066
A10G,T9G,-0.013851261303592988
A10G,A10C,-0.005965970347211691
A10G,A10G,0.021362536265377277
A10G,A10T,0.003044057132665673
A10G,C11A,0.019130930559829784
A10G,C11G,0.0035950868852060724
A10G,C11T,-0.0004773506829700014
A10G,T12A,-0.00151722283562028
A10G,T12C,-0.004561778241016168
A10G,T12G,-0.003630704020670228
A10T,T1A,-0.0036977460709330945
A10T,T1C,-0.00640292742616505
A10T,T1G,-0.0009831268256450948
A10T,T2A,-0.007961457515822168
A10T,T2C,-0.0031900198792471773
A10T,T2G,-0.00013182602437640523
A10T,G3A,0.010560928531737762
A10T,G3C,0.0032776127852187087
A10T,G3T,0.0009813744214340614
A10T,A4C,0.0804384475166516
A10T,A4G,-0.008607330594934362
A10T,A4T,0.0071341880376883104
A10T,C5A,0.014208489708148364
A10T,C5G,0.005986728380849765
A10T,C5T,-0.0019084992993746719
A10T,A6C,-0.00033745083433427137
A10T,A6G,-0.010935147219181651
A10T,A6T,0.0065024875393217135
A10T,G7A,-0.00900494478000359
A10T,G7C,-0.002456415314046584
A10T,G7T,-0.01225333574932691
A10T,A8C,-0.0034895436794199902
A10T,A8G,-0.014778091098096635
A10T,A8T,-0.004370885153910917
A10T,T9A,-0.005568674250758937
A10T,T9C,-0.004010696327556601
A10T,T9G,0.0003431808732960173
A10T,A10C,-0.004203014100158706
A10T,A10G,-0.00045404375511670647
A10T,A10T,0.0026889396872716576
A10T,C11A,0.012827773936256795
A10T,C11G,-0.00562988065443791
A10T,C11T,-0.005768050867480973
A10T,T12A,-0.004781076885011282
A10T,T12C,-0.0045617782410151825
A10T,T12G,0.00842342437762078
C11A,T1A,0.011346400627612
C11A,T1C,0.013475298643186438
C11A,T1G,0.0139066342107266
C11A,T2A,0.00913008280425992
C11A,T2C,0.014145183369190632
C11A,T2G,0.01139137176482869
C11A,G3A,0.00945836592201157
C11A,G3C,0.0105230068660021
C11A,G3T,0.01384680217392297
C11A,A4C,-0.006856570845639481
C11A,A4G,0.01596717680948974
C11A,A4T,0.0027754609496795004
C11A,C5A,0.0028594311069275805
C11A,C5G,0.007406040352219961
C11A,C5T,0.0038585775106831297
C11A,A6C,0.01555699021816492
C11A,A6G,0.012779969777746363
C11A,A6T,-0.0034221835754690098
C11A,G7A,0.01257215531361771
C11A,G7C,-0.00304459750569425
C11A,G7T,-0.014524405324105998
C11A,A8C,0.013954005932829524
C11A,A8G,0.015396382898155082
C11A,A8T,0.01374001962460868
C11A,T9A,0.01151722300374447
C11A,T9C,0.00765463749534109
C11A,T9G,0.01057929296276102
C11A,A10C,0.011135084111194002
C11A,A10G,0.00709799093567688
C11A,A10T,0.007412914157401258
C11A,C11A,-0.0200275909957828
C11A,C11G,0.010182939504086289
C11A,C11T,0.01381699310036022
C11A,T12A,0.009008903115543618
C11A,T12C,0.01100759137444382
C11A,T12G,0.00599591298543908
C11G,T1A,-0.005694589719589999
C11G,T1C,-0.0017932793050022544
C11G,T1G,-0.001918253996766095
C11G,T2A,-0.003729112686090691
C11G,T2C,-0.0018999639749020802
C11G,T2G,-0.004903337314122513
C11G,G3A,-0.0015195729203637265
C11G,G3C,0.0044919433997912955
C11G,G3T,-0.0008495319051435302
C11G,A4C,0.0543904659774911
C11G,A4G,-0.014898712247558857
C11G,A4T,-0.000665561213723187
C11G,C5A,0.010597155378274672
C11G,C5G,0.0011785777657733615
C11G,C5T,0.004355668780104932
C11G,A6C,-0.0020523236070624784
C11G,A6G,-0.0036353042238774502
C11G,A6T,0.014300558886197495
C11G,G7A,-0.005777690064178484
C11G,G7C,-0.004387584321882576
C11G,G7T,0.010474478640043597
C11G,A8C,-0.007717467555947488
C11G,A8G,-0.00678202932370163
C11G,A8T,-0.00549693896601601
C11G,T9A,-0.006176451841736527
C11G,T9C,-0.0009643498122309108
C11G,T9G,0.0031881365276179158
C11G,A10C,-0.0015931986136662052
C11G,A10G,0.00037891500168578396
C11G,A10T,-0.007836271085011143
C11G,C11A,0.0077352928633684925
C11G,C11G,-0.003290060265529013
C11G,C11T,-0.0010988217963163877
C11G,T12A,0.0029431656983048143
C11G,T12C,-0.004409937518865384
C11G,T12G,0.00039538516969857274
C11T,T1A,-0.0062119528892680825
C11T,T1C,0.0006945528489200464
C11T,T1G,-0.0012513398218276933
C11T,T2A,9.483391905562577e-05
C11T,T2C,-0.0039971648899115725
C11T,T2G,-0.001105328248953194
C11T,G3A,0.007860054740771186
C11T,G3C,0.008086067979331105
C11T,G3T,0.0046182229842292866
C11T,A4C,0.056551180423167924
C11T,A4G,-0.006538938844588449
C11T,A4T,0.005080084606027019
C11T,C5A,0.010574996494265881
C11T,C5G,0.015542497498964275
C11T,C5T,-0.00419251006184336
C11T,A6C,0.000529413346828933
C11T,A6G,0.0037323112990356594
C11T,A6T,0.008797737098726804
C11T,G7A,-0.004496879269771284
C11T,G7C,0.003678226375308527
C11T,G7T,0.011071940473385306
C11T,A8C,-0.0068507725292812766
C11T,A8G,-0.004042682686716911
C11T,A8T,-0.02064345297437642
C11T,T9A,-0.005104580126898725
C11T,T9C,4.398828036189517e-05
C11T,T9G,-0.005136986751739375
C11T,A10C,-0.0074192860445532055
C11T,A10G,0.012658283272148782
C11T,A10T,-0.005607918970886333
C11T,C11A,0.007248508969264197
C11T,C11G,-0.008313635753138301
C11T,C11T,-0.010190680771536773
C11T,T12A,0.0034006647370640325
C11T,T12C,-0.006083101278908376
C11T,T12G,0.005546503085124388
T12A,T1A,-0.009417222417398105
T12A,T1C,-0.007396689697320061
T12A,T1G,-0.004285626125745096
T12A,T2A,-0.00683544457038418
T12A,T2C,-0.005943356987709175
T12A,T2G,-0.005512186007691405
T12A,G3A,0.009083946904938772
T12A,G3C,0.0006879322779516917
T12A,G3T,-0.008464007950054933
T12A,A4C,0.0705916703523696
T12A,A4G,-0.009716275653678358
T12A,A4T,0.0007707187983803099
T12A,C5A,0.008201044644839367
T12A,C5G,0.004271855608121766
T12A,C5T,-0.004460671822529669
T12A,A6C,-0.004905257363967283
T12A,A6G,-0.0014598954590526458
T12A,A6T,0.001581966086393688
T12A,G7A,-0.00845680277510559
T12A,G7C,0.00026895438028541607
T12A,G7T,0.002850435220553088
T12A,A8C,-0.005289852004240994
T12A,A8G,0.002841798321832373
T12A,A8T,-0.006436222690641924
T12A,T9A,-0.005879242152121933
T12A,T9C,-0.0010700522273876106
T12A,T9G,-0.006745209265113988
T12A,A10C,-0.010600767251782717
T12A,A10G,0.008470656975809288
T12A,A10T,-0.005438457557410348
T12A,C11A,0.010430891020950794
T12A,C11G,-0.015476657818719916
T12A,C11T,-0.005283855419103992
T12A,T12A,0.0002752913398337137
T12A,T12C,-0.0058888564896921874
T12A,T12G,0.021954558116121875
T12C,T1A,-0.008991291766814097
T12C,T1C,-0.002021777487430071
T12C,T1G,-0.005122294303684105
T12C,T2A,-0.005731699293556186
T12C,T2C,-0.001060114899497172
T12C,T2G,0.0026506186797045916
T12C,G3A,0.009818352993436752
T12C,G3C,0.007371315837404718
T12C,G3T,0.008425074415235073
T12C,A4C,0.07335077682585661
T12C,A4G,0.017248426642455628
T12C,A4T,0.005450215560802302
T12C,C5A,0.003049314795791347
T12C,C5G,0.010372378325070764
T12C,C5T,-0.0024615113389536702
T12C,A6C,-0.006874267629145281
T12C,A6G,-0.0045356196594246445
T12C,A6T,0.00981735947174972
T12C,G7A,-0.0153988653513156
T12C,G7C,0.009774446639147422
T12C,G7T,0.028349074728143103
T12C,A8C,0.0013483194596490278
T12C,A8G,-0.005443910173431626
T12C,A8T,-0.011253295125624924
T12C,T9A,-0.007953835564704942
T12C,T9C,0.003885854777751385
T12C,T9G,-0.010342542215071998
T12C,A10C,-0.0037460061287396818
T12C,A10G,0.002172377525343272
T12C,A10T,-0.0009765475233153298
T12C,C11A,0.024510719252891805
T12C,C11G,-0.011344710340875919
T12C,C11T,-0.010342542215071998
T12C,T12A,0.0011004771407477076
T12C,T12C,-0.005988644795295178
T12C,T12G,0.0023835475616147683
T12G,T1A,-0.006082624519514079
T12G,T1C,-0.007351747189157043
T12G,T1G,-0.0160529098601411
T12G,T2A,-0.009565162257640175
T12G,T2C,-0.006493495232091168
T12G,T2G,-0.006673169185127392
T12G,G3A,0.001006664732775775
T12G,G3C,0.006676458034832716
T12G,G3T,0.0027961488006030544
T12G,A4C,0.0794280815256036
T12G,A4G,0.003762409447649634
T12G,A4T,0.00037524770314431577
T12G,C5A,0.007481849851071365
T12G,C5G,0.02388356259842478
T12G,C5T,-0.0047265223560636616
T12G,A6C,-0.0013701458050422999
T12G,A6G,-0.006968543649095632
T12G,A6T,-0.007059643976419283
T12G,G7A,-0.008033715082095605
T12G,G7C,-0.00023903297051555694
T12G,G7T,0.010231414929758098
T12G,A8C,-0.006815088661419971
T12G,A8G,-0.004350822345095623
T12G,A8T,-0.020319838982523902
T12G,T9A,0.004147980384221067
T12G,T9C,-0.0012956903249835838
T12G,T9G,-0.002085504468635979
T12G,A10C,0.0018286233893343162
T12G,A10G,0.007063082345062283
T12G,A10T,0.0028122005927976867
T12G,C11A,0.010430891020950794
T12G,C11G,2.9412458925098806e-05
T12G,C11T,-0.011215236751167978
T12G,T12A,-0.0027052404204982727
T12G,T12C,-0.0021956279621091757
T12G,T12G,0.011290769916117771
