T1A,T1A,0.0690845831298743
T1A,T1C,0.0599791046618084
T1A,T1G,0.0672109856367148
T1A,T2A,0.0630137850036974
T1A,T2C,0.0860527249624258
T1A,T2G,0.0708049215492226
T1A,G3A,0.0819853720497977
T1A,G3C,0.0686664653843852
T1A,G3T,0.060731938593307
T1A,A4C,0.0727218789695016
T1A,A4G,0.0615823127947125
T1A,A4T,0.0785590457732816
T1A,C5A,0.0682250750800663
T1A,C5G,0.0714697810333096
T1A,C5T,0.0806156371227103
T1A,A6C,0.0776015690349225
T1A,A6G,0.0787741557666815
T1A,A6T,0.0727805460373313
T1A,G7A,0.0599791046618084
T1A,G7C,0.0114114039618289
T1A,G7T,-0.119667091825148
T1A,A8C,0.0754806414983383
T1A,A8G,0.0719160253883352
T1A,A8T,0.0811388334096416
T1A,T9A,0.0630137850036974
T1A,T9C,0.0871271874284088
T1A,T9G,0.0513981010139162
T1A,A10C,0.0727218789695016
T1A,A10G,0.080100696861425
T1A,A10T,0.0693785306780142
T1A,C11A,-0.0289803011723741
T1A,C11G,0.0782160216730524
T1A,C11T,0.0702833205531717
T1A,T12A,0.088759328908271
T1A,T12C,0.0655106102486965
T1A,T12G,0.0693785306780141
T1A,WT,0.0332903384342736
T1C,T1A,0.0513981010139161
T1C,T1C,0.0570350254557257
T1C,T1G,0.0513981010139161
T1C,T2A,0.064566877406867
T1C,T2C,0.0593770255736955
T1C,T2G,0.0598945979321371
T1C,G3A,0.0533707506497001
T1C,G3C,0.0513981010139162
T1C,G3T,0.0630137850036974
T1C,A4C,0.0680722952983276
T1C,A4G,0.0646154667108698
T1C,A4T,0.0584815534613914
T1C,C5A,0.052903768876913
T1C,C5G,0.0601454106025698
T1C,C5T,0.0480393070057575
T1C,A6C,0.0497544269652017
T1C,A6G,0.0582021317325503
T1C,A6T,0.0230270879516101
T1C,G7A,0.0334176713498181
T1C,G7C,0.00269249470936484
T1C,G7T,
T1C,A8C,0.0575638166925486
T1C,A8G,0.0480054521024749
T1C,A8T,0.0649153153160403
T1C,T9A,0.0504233187001871
T1C,T9C,0.0468103282688575
T1C,T9G,0.0441964111702386
T1C,A10C,0.0577628466882327
T1C,A10G,0.0570350254557257
T1C,A10T,0.0701706580643321
T1C,C11A,-0.0569463061525642
T1C,C11G,0.053351022837997
T1C,C11T,0.0468103282688575
T1C,T12A,0.070239840339627
T1C,T12C,0.0500380016739189
T1C,T12G,0.0596622401346558
T1C,WT,0.0251033610480436
T1G,T1A,0.10235379561139
T1G,T1C,0.101631306450436
T1G,T1G,0.107664852342083
T1G,T2A,0.104553574458954
T1G,T2C,0.110074731549238
T1G,T2G,0.0991204020900511
T1G,G3A,0.104831689492301
T1G,G3C,0.110944969592257
T1G,G3T,0.105842734376839
T1G,A4C,0.106131517392528
T1G,A4G,0.0993295391480227
T1G,A4T,0.124048867261598
T1G,C5A,0.112708576021589
T1G,C5G,0.113754976070246
T1G,C5T,0.100375012898052
T1G,A6C,0.105842734376839
T1G,A6G,0.109007262439117
T1G,A6T,0.0655106102486965
T1G,G7A,0.105168027097084
T1G,G7C,0.0459136022412226
T1G,G7T,-0.076327104382821
T1G,A8C,0.113391065453992
T1G,A8G,0.120863940115097
T1G,A8T,0.119218374760699
T1G,T9A,0.103000482055785
T1G,T9C,0.101092892031807
T1G,T9G,0.10287013189676
T1G,A10C,0.112708576021589
T1G,A10G,0.115802098198919
T1G,A10T,0.101023300489967
T1G,C11A,0.0053113223875674
T1G,C11G,0.125921526806942
T1G,C11T,0.109365227730101
T1G,T12A,0.10957985094732
T1G,T12C,0.108135451774221
T1G,T12G,0.095212678166152
T1G,WT,0.0599791046618084
T2A,T1A,0.22287857455503
T2A,T1C,0.22306818654224
T2A,T1G,0.224349982043385
T2A,T2A,0.219790646705094
T2A,T2C,0.221905414637448
T2A,T2G,0.220472694651875
T2A,G3A,0.227107041285093
T2A,G3C,0.224756870003302
T2A,G3T,0.23121940536635
T2A,A4C,0.232576991473755
T2A,A4G,0.226907661522898
T2A,A4T,0.228100218294789
T2A,C5A,0.22685180567229
T2A,C5G,0.223512445549731
T2A,C5T,0.222147061835769
T2A,A6C,0.212187560771957
T2A,A6G,0.212377561793004
T2A,A6T,0.152567029454319
T2A,G7A,0.208529119801314
T2A,G7C,0.126791786220555
T2A,G7T,-0.100519555884225
T2A,A8C,0.219519214646897
T2A,A8G,0.223235813308349
T2A,A8T,0.224845159471498
T2A,T9A,0.205366129674293
T2A,T9C,0.213118846491701
T2A,T9G,0.214654809660457
T2A,A10C,0.216588948639154
T2A,A10G,0.221002240028015
T2A,A10T,0.225008098789594
T2A,C11A,0.0282281230162432
T2A,C11G,0.197728744564682
T2A,C11T,0.209343254465908
T2A,T12A,0.227713473844048
T2A,T12C,0.2217646888344
T2A,T12G,0.226506439624898
T2A,WT,0.146573731787445
T2C,T1A,0.110658284687651
T2C,T1C,0.116913558807255
T2C,T1G,0.109738080081177
T2C,T2A,0.109365227730101
T2C,T2C,0.114320037324693
T2C,T2G,0.115946732787948
T2C,G3A,0.121036653653125
T2C,G3C,0.118449575748623
T2C,G3T,0.126559841846943
T2C,A4C,0.127530167045084
T2C,A4G,0.130047725854566
T2C,A4T,0.115729973404418
T2C,C5A,0.130375955209993
T2C,C5G,0.109076020656512
T2C,C5T,0.11507275397738
T2C,A6C,0.119446658612846
T2C,A6G,0.113391065453992
T2C,A6T,0.0741901839491615
T2C,G7A,0.0994596278256788
T2C,G7C,0.048182447777012
T2C,G7T,
T2C,A8C,0.117797894686673
T2C,A8G,0.116111188202091
T2C,A8T,0.114958687180938
T2C,T9A,0.100444025736042
T2C,T9C,0.110720767903649
T2C,T9G,0.106587034735358
T2C,A10C,0.103946409329503
T2C,A10G,0.116854405801734
T2C,A10T,0.10533939000621
T2C,C11A,-0.0109141297073639
T2C,C11G,0.104100151456131
T2C,C11T,0.105025440879869
T2C,T12A,0.116109921303384
T2C,T12C,0.105842734376839
T2C,T12G,0.114651918277791
T2C,WT,0.0666003376832709
T2G,T1A,0.229510889296637
T2G,T1C,0.231462566553466
T2G,T1G,0.229891733543675
T2G,T2A,0.222584680573805
T2G,T2C,0.228100218294789
T2G,T2G,0.225090795816885
T2G,G3A,0.236710130059036
T2G,G3C,0.233893001053336
T2G,G3T,0.231126717972017
T2G,A4C,0.241511362294095
T2G,A4G,0.233450671608096
T2G,A4T,0.237499644310995
T2G,C5A,0.225903705907302
T2G,C5G,0.231893737114099
T2G,C5T,0.225741648274194
T2G,A6C,0.225229598555335
T2G,A6G,0.217976398027597
T2G,A6T,0.152690726297799
T2G,G7A,0.226681210656515
T2G,G7C,0.122106879663092
T2G,G7T,-0.0492775012393872
T2G,A8C,0.231052952706035
T2G,A8G,0.230440808465607
T2G,A8T,0.22931389356841
T2G,T9A,0.212715183928263
T2G,T9C,0.219056443421341
T2G,T9G,0.224271182207281
T2G,A10C,0.226548775027739
T2G,A10G,0.228100218294789
T2G,A10T,0.222975983686238
T2G,C11A,0.0425741921226284
T2G,C11G,0.212535493993072
T2G,C11T,0.211483408679708
T2G,T12A,0.23614558190351
T2G,T12C,0.232697946437801
T2G,T12G,0.237430110690704
T2G,WT,0.147268726414211
G3A,T1A,0.0466154449001435
G3A,T1C,0.051398101013916
G3A,T1G,0.0545491463597349
G3A,T2A,0.0546585410790925
G3A,T2C,0.0606533134242827
G3A,T2G,0.0680722952983276
G3A,G3A,0.0645668774068671
G3A,G3C,0.0702833205531718
G3A,G3T,0.0562097542850632
G3A,A4C,0.0575327479985866
G3A,A4G,0.0261581232883539
G3A,A4T,0.058573579739994
G3A,C5A,0.0513981010139162
G3A,C5G,0.0599791046618084
G3A,C5T,0.0709625236898401
G3A,A6C,0.0513981010139162
G3A,A6G,0.0455073159133555
G3A,A6T,0.0114114039618289
G3A,G7A,0.0570350254557257
G3A,G7C,0.00695209107025333
G3A,G7T,
G3A,A8C,0.0599791046618086
G3A,A8G,0.0599791046618084
G3A,A8T,0.0630137850036975
G3A,T9A,0.0479970974566016
G3A,T9C,0.0589771321523924
G3A,T9G,0.0368103169826909
G3A,A10C,0.0513981010139162
G3A,A10G,0.0548880908206446
G3A,A10T,0.0628474790629362
G3A,C11A,-0.0569463061525642
G3A,C11G,0.0551200268504887
G3A,C11T,0.0745332549830616
G3A,T12A,0.0655106102486965
G3A,T12C,0.0454193414659443
G3A,T12G,0.052226854382574
G3A,WT,0.0230270879516103
G3C,T1A,0.0699003309408613
G3C,T1C,0.0565897907067585
G3C,T1G,0.0693785306780143
G3C,T2A,0.0693785306780141
G3C,T2C,0.0589313333954742
G3C,T2G,0.058011486367766
G3C,G3A,0.0818497195166671
G3C,G3C,0.0714436014905581
G3C,G3T,0.0775019032059361
G3C,A4C,0.0767274251139357
G3C,A4G,0.0559958291569271
G3C,A4T,0.0630137850036974
G3C,C5A,0.0761825613966484
G3C,C5G,0.0765191474454847
G3C,C5T,0.0681275287522434
G3C,A6C,0.0674256088539335
G3C,A6G,0.0543932653877812
G3C,A6T,0.029391833625927
G3C,G7A,0.085213045454859
G3C,G7C,0.0114114039618289
G3C,G7T,-0.0767363155669776
G3C,A8C,0.0766380787394783
G3C,A8G,0.0742978862082757
G3C,A8T,0.0761825613966484
G3C,T9A,0.0493851821519705
G3C,T9C,0.0688018028790402
G3C,T9G,0.051398101013916
G3C,A10C,0.0699194099369183
G3C,A10G,0.067601557748756
G3C,A10T,0.0693785306780141
G3C,C11A,-0.0293031143227655
G3C,C11G,0.0516774766320462
G3C,C11T,0.0578042051830258
G3C,T12A,0.0747934648992768
G3C,T12C,0.061377105715363
G3C,T12G,0.0898192803976315
G3C,WT,0.0276148606966687
G3T,T1A,0.205606137895427
G3T,T1C,0.205091546568604
G3T,T1G,0.208839000117199
G3T,T2A,0.203420839786025
G3T,T2C,0.203407156760643
G3T,T2G,0.195273996267251
G3T,G3A,0.207562006051459
G3T,G3C,0.212229373441472
G3T,G3T,0.20379333429034
G3T,A4C,0.212072710454772
G3T,A4G,0.20370099015733
G3T,A4T,0.206416438380136
G3T,C5A,0.194309481572657
G3T,C5G,0.216881393308926
G3T,C5T,0.204815945066737
G3T,A6C,0.198548121302827
G3T,A6G,0.201053213063144
G3T,A6T,0.146835289864716
G3T,G7A,0.201282297635653
G3T,G7C,0.123953011761326
G3T,G7T,
G3T,A8C,0.205816540514629
G3T,A8G,0.206067390535306
G3T,A8T,0.20524009856527
G3T,T9A,0.194279236921335
G3T,T9C,0.195393591482867
G3T,T9G,0.198448362707668
G3T,A10C,0.198596707742756
G3T,A10G,0.210724817089026
G3T,A10T,0.195345402217608
G3T,C11A,0.0542568324609825
G3T,C11G,0.205485813341153
G3T,C11T,0.189723327420851
G3T,T12A,0.210792960728364
G3T,T12C,0.209672706893282
G3T,T12G,0.210547638886963
G3T,WT,0.131860922074908
A4C,T1A,0.18440713947258
A4C,T1C,0.181868071902357
A4C,T1G,0.192784953631829
A4C,T2A,0.185616695997703
A4C,T2C,0.184183944462899
A4C,T2G,0.183916320609685
A4C,G3A,0.192069419829976
A4C,G3C,0.191148201584591
A4C,G3T,0.187822607922821
A4C,A4C,0.1953682122858
A4C,A4G,0.19347973640284
A4C,A4T,0.189551301162925
A4C,C5A,0.186986430924791
A4C,C5G,0.190845533328435
A4C,C5T,0.189282866456712
A4C,A6C,0.18140213433491
A4C,A6G,0.184949683866944
A4C,A6T,0.123046139770129
A4C,G7A,0.181002596652954
A4C,G7C,0.092501291002382
A4C,G7T,-0.0771152061829495
A4C,A8C,0.188873692376014
A4C,A8G,0.189968776693571
A4C,A8T,0.188113521242702
A4C,T9A,0.167636266333605
A4C,T9C,0.176817995626436
A4C,T9G,0.179423062134341
A4C,A10C,0.186025413288738
A4C,A10G,0.191995283952819
A4C,A10T,0.191835447079275
A4C,C11A,0.0347529611820928
A4C,C11G,0.168339815238817
A4C,C11T,0.173525737211477
A4C,T12A,0.187973237606991
A4C,T12C,0.187229037023495
A4C,T12G,0.187314979799643
A4C,WT,0.121079580391834
A4G,T1A,0.0826517214051112
A4G,T1C,0.0738619995218758
A4G,T1G,0.0739207046872748
A4G,T2A,0.0758316014474934
A4G,T2C,0.0722372621250804
A4G,T2G,0.0866850850579004
A4G,G3A,0.0847360887938582
A4G,G3C,0.0650397642986936
A4G,G3T,0.0834910399127946
A4G,A4C,0.070441510309706
A4G,A4G,0.0757499178318606
A4G,A4T,0.0827199700786923
A4G,C5A,0.0765442407558735
A4G,C5G,0.0740385784936499
A4G,C5T,0.088310679201401
A4G,A6C,0.0640519215519142
A4G,A6G,0.0720277121058329
A4G,A6T,0.0230270879516102
A4G,G7A,0.0490775391391434
A4G,G7C,0.0215097477806657
A4G,G7T,-0.0880193876752362
A4G,A8C,0.0791332517495093
A4G,A8G,0.0765630289689773
A4G,A8T,0.0744370409726443
A4G,T9A,0.0907046539766376
A4G,T9C,0.0740385784936499
A4G,T9G,0.0768920652157855
A4G,A10C,0.0779087953539875
A4G,A10G,0.0693222089532224
A4G,A10T,0.0876628722294306
A4G,C11A,-0.0273501924986846
A4G,C11G,0.0761825613966484
A4G,C11T,0.0698914201168477
A4G,T12A,0.0797691140762219
A4G,T12C,0.0867785631232308
A4G,T12G,0.0797691140762219
A4G,WT,0.0410075176157084
A4T,T1A,0.131825965290917
A4T,T1C,0.129743595114518
A4T,T1G,0.13582124218717
A4T,T2A,0.129155237144515
A4T,T2C,0.136849845093523
A4T,T2G,0.141762078516298
A4T,G3A,0.11758826608701
A4T,G3C,0.144540271511041
A4T,G3T,0.142794751087037
A4T,A4C,0.143715000340379
A4T,A4G,0.120378017163148
A4T,A4T,0.143628444937378
A4T,C5A,0.126308582273097
A4T,C5G,0.132328994420709
A4T,C5T,0.130604025646487
A4T,A6C,0.134020785307112
A4T,A6G,0.136227583359648
A4T,A6T,0.0786853415555722
A4T,G7A,0.120732272040349
A4T,G7C,0.0791159963863786
A4T,G7T,-0.0673368895507719
A4T,A8C,0.134605205455664
A4T,A8G,0.119755811128309
A4T,A8T,0.142528962786884
A4T,T9A,0.122790491470198
A4T,T9C,0.130212592488895
A4T,T9G,0.138661012024815
A4T,A10C,0.128503120716963
A4T,A10G,0.138528368178725
A4T,A10T,0.131743470826755
A4T,C11A,0.00102082056362109
A4T,C11G,0.118040649125166
A4T,C11T,0.123099159419797
A4T,T12A,0.138250806125347
A4T,T12C,0.140273735502728
A4T,T12G,0.142503580726755
A4T,WT,0.0809147470201456
C5A,T1A,0.223780433022758
C5A,T1C,0.220373614779492
C5A,T1G,0.224195737900672
C5A,T2A,0.217398287110313
C5A,T2C,0.221815585822001
C5A,T2G,0.216851884370549
C5A,G3A,0.227674583841073
C5A,G3C,0.218491298138438
C5A,G3T,0.229437969968957
C5A,A4C,0.228584819297457
C5A,A4G,0.225833007424504
C5A,A4T,0.230503070078038
C5A,C5A,0.220898528451112
C5A,C5G,0.220498541650059
C5A,C5T,0.228100218294789
C5A,A6C,0.218339900318421
C5A,A6G,0.222292376299899
C5A,A6T,0.148388067600041
C5A,G7A,0.214305882232533
C5A,G7C,0.122461236028441
C5A,G7T,-0.0668413108597709
C5A,A8C,0.219519214646897
C5A,A8G,0.220105363946783
C5A,A8T,0.228100218294789
C5A,T9A,0.204113008247359
C5A,T9C,0.216625895096227
C5A,T9G,0.213642281983954
C5A,A10C,0.223041708000159
C5A,A10G,0.214286861942896
C5A,A10T,0.216484534305008
C5A,C11A,0.051398101013916
C5A,C11G,0.208583668882577
C5A,C11T,0.207218383304117
C5A,T12A,0.224348414081954
C5A,T12C,0.221449204409628
C5A,T12G,0.225900439447225
C5A,WT,0.144540271511041
C5G,T1A,0.104445802294286
C5G,T1C,0.109365227730101
C5G,T1G,0.119755811128309
C5G,T2A,0.119755811128309
C5G,T2C,0.104781333130369
C5G,T2G,0.123715374363104
C5G,G3A,0.115729973404418
C5G,G3C,0.116412462836822
C5G,G3T,0.0925382536639511
C5G,A4C,0.126089947958816
C5G,A4G,0.120325871404496
C5G,A4T,0.114188369249946
C5G,C5A,0.108674007782247
C5G,C5G,0.0986932765821494
C5G,C5T,0.119755811128309
C5G,A6C,0.111022734467417
C5G,A6G,0.100494592950719
C5G,A6T,0.0794162717342215
C5G,G7A,0.0984151615488032
C5G,G7C,0.0575638166925486
C5G,G7T,-0.0952123239220767
C5G,A8C,0.1118620529751
C5G,A8G,0.103528060926321
C5G,A8T,0.107664852342083
C5G,T9A,0.0973635576139753
C5G,T9C,0.1118620529751
C5G,T9G,0.107355857926759
C5G,A10C,0.112154692793632
C5G,A10G,0.119249646420802
C5G,A10T,0.0986932765821494
C5G,C11A,0.00276647771603314
C5G,C11G,0.1118620529751
C5G,C11T,0.104248894678284
C5G,T12A,0.105936920893385
C5G,T12C,0.106866776883598
C5G,T12G,0.117053742667943
C5G,WT,0.0630137850036976
C5T,T1A,0.173894983786102
C5T,T1C,0.176016905570055
C5T,T1G,0.16249485414855
C5T,T2A,0.166127728877522
C5T,T2C,0.171358192170178
C5T,T2G,0.177739983540675
C5T,G3A,0.168417929575461
C5T,G3C,0.174319382390338
C5T,G3T,0.174200444491232
C5T,A4C,0.18769386198886
C5T,A4G,0.148309256303939
C5T,A4T,0.184777774519232
C5T,C5A,0.172911284573347
C5T,C5G,0.175581007415624
C5T,C5T,0.168919149187983
C5T,A6C,0.17234934955218
C5T,A6G,0.181649713860976
C5T,A6T,0.117946231377994
C5T,G7A,0.152445600744224
C5T,G7C,0.0845807673473691
C5T,G7T,-0.0673368895507719
C5T,A8C,0.174444350996919
C5T,A8G,0.177608330824753
C5T,A8T,0.170745641874391
C5T,T9A,0.159742508180396
C5T,T9C,0.166789743287117
C5T,T9G,0.167859962800443
C5T,A10C,0.174944744849751
C5T,A10G,0.174644533569551
C5T,A10T,0.176351842660176
C5T,C11A,0.0114114039618289
C5T,C11G,0.163768345904287
C5T,C11T,0.134670107945264
C5T,T12A,0.176690265273755
C5T,T12C,0.179205963225613
C5T,T12G,0.179792541003629
C5T,WT,0.113391065453992
A6C,T1A,0.249213001578558
A6C,T1C,0.251230720738472
A6C,T1G,0.244246187805974
A6C,T2A,0.243529166465556
A6C,T2C,0.253974406112096
A6C,T2G,0.244774412579201
A6C,G3A,0.251342554336354
A6C,G3C,0.255787451357602
A6C,G3T,0.258538798266863
A6C,A4C,0.265710430970243
A6C,A4G,0.256272201361411
A6C,A4T,0.259141063688935
A6C,C5A,0.246905268123167
A6C,C5G,0.24879826751663
A6C,C5T,0.248812660044621
A6C,A6C,0.24163890278274
A6C,A6G,0.235901376111499
A6C,A6T,0.139931258332877
A6C,G7A,0.245211749568142
A6C,G7C,0.116068677787913
A6C,G7T,-0.161568787482472
A6C,A8C,0.253806923485844
A6C,A8G,0.251412721062465
A6C,A8T,0.256017358786628
A6C,T9A,0.225817916478802
A6C,T9C,0.240340350706893
A6C,T9G,0.233703998952254
A6C,A10C,0.247890227709203
A6C,A10G,0.257469555581104
A6C,A10T,0.244611654606832
A6C,C11A,0.0176318815420508
A6C,C11G,0.229730326968479
A6C,C11T,0.227372397062282
A6C,T12A,0.251967282951455
A6C,T12C,0.248296905932463
A6C,T12G,0.26641536127254
A6C,WT,0.145959279149316
A6G,T1A,0.23787249666207
A6G,T1C,0.241959357441731
A6G,T1G,0.235183624071047
A6G,T2A,0.233101982260815
A6G,T2C,0.242326017983601
A6G,T2G,0.233076079954319
A6G,G3A,0.248921854869366
A6G,G3C,0.247112381078713
A6G,G3T,0.241457020158212
A6G,A4C,0.266260579275157
A6G,A4G,0.24908009812292
A6G,A4T,0.248865974617013
A6G,C5A,0.237025663320042
A6G,C5G,0.253172618529922
A6G,C5T,0.230899451132401
A6G,A6C,0.227056701238663
A6G,A6G,0.22246329385298
A6G,A6T,0.121333754061883
A6G,G7A,0.218938047654806
A6G,G7C,0.105353471822552
A6G,G7T,-0.11845803772385
A6G,A8C,0.246520719640444
A6G,A8G,0.242578803703884
A6G,A8T,0.245098440713088
A6G,T9A,0.216507069310765
A6G,T9C,0.225833007424503
A6G,T9G,0.220691872094779
A6G,A10C,0.229303476435918
A6G,A10G,0.245267048405422
A6G,A10T,0.235488075961277
A6G,C11A,-0.00799873652736832
A6G,C11G,0.208700780992417
A6G,C11T,0.214236120600392
A6G,T12A,0.240790364750554
A6G,T12C,0.237894128452149
A6G,T12G,0.248808886358251
A6G,WT,0.122790491470198
A6T,T1A,0.171358192170178
A6T,T1C,0.165731083038592
A6T,T1G,0.170360216728133
A6T,T2A,0.158213495701504
A6T,T2C,0.160589046820552
A6T,T2G,0.161845176783256
A6T,G3A,0.192900686905583
A6T,G3C,0.202789069522913
A6T,G3T,0.183573973112435
A6T,A4C,0.250419067020183
A6T,A4G,0.186928167637164
A6T,A4T,0.213653000100736
A6T,C5A,0.172000665643668
A6T,C5G,0.204059392905408
A6T,C5T,0.178524260077622
A6T,A6C,0.150861748808816
A6T,A6G,0.135137031544914
A6T,A6T,0.0245792407561805
A6T,G7A,0.156944325484636
A6T,G7C,0.00331470693615036
A6T,G7T,
A6T,A8C,0.180996909186664
A6T,A8G,0.186742581138481
A6T,A8T,0.174573038455921
A6T,T9A,0.145859613320329
A6T,T9C,0.159742508180396
A6T,T9G,0.149234953177403
A6T,A10C,0.166789743287117
A6T,A10G,0.193004754280376
A6T,A10T,0.157830269986301
A6T,C11A,-0.0969330032046515
A6T,C11G,0.133692056992863
A6T,C11T,0.136791503429802
A6T,T12A,0.198448574373922
A6T,T12C,0.166798762797787
A6T,T12G,0.204787715527114
A6T,WT,0.03168044621952
G7A,T1A,0.21902149348557
G7A,T1C,0.216067185694892
G7A,T1G,0.214091358205558
G7A,T2A,0.218088628119379
G7A,T2C,0.226160103344227
G7A,T2G,0.214692364622597
G7A,G3A,0.238553911281001
G7A,G3C,0.239513023526767
G7A,G3T,0.229163828322064
G7A,A4C,0.276298903299898
G7A,A4G,0.231723370235644
G7A,A4T,0.240484568135342
G7A,C5A,0.224522959242833
G7A,C5G,0.235332286403437
G7A,C5T,0.22420573015804
G7A,A6C,0.214636262605178
G7A,A6G,0.211344889222265
G7A,A6T,0.0830486225222556
G7A,G7A,0.213990804591758
G7A,G7C,0.0527871975112878
G7A,G7T,
G7A,A8C,0.223716415279914
G7A,A8G,0.221362620269397
G7A,A8T,0.223378724404648
G7A,T9A,0.189904889276806
G7A,T9C,0.205061278336061
G7A,T9G,0.211530319453414
G7A,A10C,0.213796182341948
G7A,A10G,0.23501463496782
G7A,A10T,0.220761259391207
G7A,C11A,-0.0419544979380559
G7A,C11G,0.194142712563386
G7A,C11T,0.196986202404005
G7A,T12A,0.227911111181449
G7A,T12C,0.223530752100827
G7A,T12G,0.246835936262585
G7A,WT,0.0913847980660033
G7C,T1A,0.0230270879516103
G7C,T1C,0.0178950147684116
G7C,T1G,0.00598835359131002
G7C,T2A,-0.00151887333208058
G7C,T2C,0.0365680145238208
G7C,T2G,0.013075981222446
G7C,G3A,0.0454833924712409
G7C,G3C,0.0511001565141153
G7C,G3T,0.0539952279295684
G7C,A4C,0.143279392786922
G7C,A4G,0.0361958643445613
G7C,A4T,0.0563568950668911
G7C,C5A,0.0199177124108244
G7C,C5G,0.0519952444466829
G7C,C5T,0.0191048452305992
G7C,A6C,0.00488874099293889
G7C,A6G,-0.0203235621926057
G7C,A6T,-0.0853173192148701
G7C,G7A,0.01609082910102
G7C,G7C,-0.145094025681371
G7C,G7T,
G7C,A8C,0.024684594688926
G7C,A8G,0.0121446365542863
G7C,A8T,0.0230270879516103
G7C,T9A,-0.0227223370348609
G7C,T9C,0.0114114039618289
G7C,T9G,-0.0134032597663606
G7C,A10C,0.0109240648338338
G7C,A10G,0.0555953016469333
G7C,A10T,0.00102082056362109
G7C,C11A,
G7C,C11G,-0.00777909400520951
G7C,C11T,-0.0297853613931985
G7C,T12A,0.0619476197074237
G7C,T12C,0.0136276619354046
G7C,T12G,0.0736208763470173
G7C,WT,-0.101918435074753
G7T,T1A,-0.161568787482472
G7T,T1C,-0.174023789979936
G7T,T1G,-0.15089683633452
G7T,T2A,-0.188024801939541
G7T,T2C,-0.148038104887453
G7T,T2G,-0.217835538810639
G7T,G3A,-0.0853173192148701
G7T,G3C,-0.161568787482472
G7T,G3T,-0.147285927188808
G7T,A4C,-0.0173801612490428
G7T,A4G,-0.123379795271112
G7T,A4T,-0.105999817339334
G7T,C5A,-0.168877265998618
G7T,C5G,-0.109257546817518
G7T,C5T,-0.203275763577973
G7T,A6C,-0.208863963050705
G7T,A6G,-0.185080722733458
G7T,A6T,
G7T,G7A,
G7T,G7C,
G7T,G7T,
G7T,A8C,-0.149384527505317
G7T,A8G,-0.24238150009433
G7T,A8T,
G7T,T9A,-0.229926497596865
G7T,T9C,-0.206487478674072
G7T,T9G,
G7T,A10C,-0.265966315572348
G7T,A10G,-0.122521350537421
G7T,A10T,-0.194938666435767
G7T,C11A,
G7T,C11G,
G7T,C11T,
G7T,T12A,-0.147285927188808
G7T,T12C,-0.146202154668159
G7T,T12G,-0.115048620455907
G7T,WT,
A8C,T1A,0.0734043684019052
A8C,T1C,0.074910036264902
A8C,T1G,0.0761825613966484
A8C,T2A,0.0836910793948269
A8C,T2C,0.08339093108504
A8C,T2G,0.0913847980660032
A8C,G3A,0.0913847980660032
A8C,G3C,0.0891125115653844
A8C,G3T,0.0776631204521509
A8C,A4C,0.0913847980660032
A8C,A4G,0.0818537039750502
A8C,A4T,0.0913847980660033
A8C,C5A,0.0854060385180314
A8C,C5G,0.0715947886515899
A8C,C5T,0.0792122103967959
A8C,A6C,0.0786420237583103
A8C,A6G,0.0782160216730524
A8C,A6T,0.0513981010139162
A8C,G7A,0.060174390717829
A8C,G7C,0.0271142506639261
A8C,G7T,
A8C,A8C,0.0804769487778793
A8C,A8G,0.0742582207434352
A8C,A8T,0.0682250750800663
A8C,T9A,0.0722372621250804
A8C,T9C,0.0871875974329858
A8C,T9G,0.068725412988171
A8C,A10C,0.082012871002396
A8C,A10G,0.0874862932576567
A8C,A10T,0.0764347852954044
A8C,C11A,-0.00958624943721452
A8C,C11G,0.0766870091941603
A8C,C11T,0.0727218789695016
A8C,T12A,0.0841878595737409
A8C,T12C,0.0737623336928892
A8C,T12G,0.0762992205136793
A8C,WT,0.0473722632900249
A8G,T1A,0.0490775391391434
A8G,T1C,0.0460812071207691
A8G,T1G,0.0513981010139161
A8G,T2A,0.0549307380779461
A8G,T2C,0.0442688491001534
A8G,T2G,0.0390545957916276
A8G,G3A,0.0630137850036974
A8G,G3C,0.0395677938069162
A8G,G3T,0.0484540218078331
A8G,A4C,0.0476045821946069
A8G,A4G,0.0299913450733019
A8G,A4T,0.0304999626127149
A8G,C5A,0.051398101013916
A8G,C5G,0.0477109676735196
A8G,C5T,0.0481643906763431
A8G,A6C,0.0338753024697887
A8G,A6G,0.0464126691438145
A8G,A6T,0.0210141690896647
A8G,G7A,0.0532415066364162
A8G,G7C,0.00194996690491705
A8G,G7T,-0.0879833557666587
A8G,A8C,0.0435043428607073
A8G,A8G,0.0267490137881829
A8G,A8T,0.0431058803817129
A8G,T9A,0.0513981010139162
A8G,T9C,0.0534743741103493
A8G,T9G,0.0630137850036974
A8G,A10C,0.0528069725373358
A8G,A10G,0.0612682645796934
A8G,A10T,0.0612682645796934
A8G,C11A,-0.0513093817107547
A8G,C11G,0.0230270879516103
A8G,C11T,0.0401150289056572
A8G,T12A,0.0424265252539824
A8G,T12C,0.051398101013916
A8G,T12G,0.0665948038002401
A8G,WT,0.0114114039618289
A8T,T1A,0.0750674927624359
A8T,T1C,0.0825473070709651
A8T,T1G,0.0834910399127946
A8T,T2A,0.0970217225078128
A8T,T2C,0.0837836797313259
A8T,T2G,0.0779758377364352
A8T,G3A,0.0887547934227921
A8T,G3C,0.0763589825676486
A8T,G3T,0.0774153190657048
A8T,A4C,0.0767989402311766
A8T,A4G,0.0724028878895227
A8T,A4T,0.0881510877284302
A8T,C5A,0.0843550611500827
A8T,C5G,0.0913847980660033
A8T,C5T,0.0879241156388564
A8T,A6C,0.0825473070709651
A8T,A6G,0.096428133821448
A8T,A6T,0.0372125944827632
A8T,G7A,0.0617886844121238
A8T,G7C,0.0230270879516103
A8T,G7T,-0.0519518551842452
A8T,A8C,0.0743669490423004
A8T,A8G,0.0787779566942196
A8T,A8T,0.0819853720497977
A8T,T9A,0.0756979445522274
A8T,T9C,0.0869268608869713
A8T,T9G,0.0806156371227103
A8T,A10C,0.0680722952983276
A8T,A10G,0.0839254870003604
A8T,A10T,0.0693785306780141
A8T,C11A,-0.0453306221627829
A8T,C11G,0.0761825613966484
A8T,C11T,0.0787779566942196
A8T,T12A,0.076825034870139
A8T,T12C,0.0755462988307752
A8T,T12G,0.080804925895253
A8T,WT,0.0420866494451219
T9A,T1A,0.238735463480561
T9A,T1C,0.235408696810935
T9A,T1G,0.237561884344231
T9A,T2A,0.230721931069467
T9A,T2C,0.241074158939043
T9A,T2G,0.233558387647883
T9A,G3A,0.254336041773174
T9A,G3C,0.248310091216177
T9A,G3T,0.247758295476297
T9A,A4C,0.270254460388176
T9A,A4G,0.251336331171596
T9A,A4T,0.249506974235404
T9A,C5A,0.235747799550385
T9A,C5G,0.241796846272827
T9A,C5T,0.236051868630106
T9A,A6C,0.227862580896567
T9A,A6G,0.223365581294162
T9A,A6T,0.131836938302256
T9A,G7A,0.23005314011887
T9A,G7C,0.0920809460712195
T9A,G7T,-0.212324645477852
T9A,A8C,0.243913102917588
T9A,A8G,0.242596000692903
T9A,A8T,0.236681221942682
T9A,T9A,0.204162280958545
T9A,T9C,0.223007779092233
T9A,T9G,0.2332168892724
T9A,A10C,0.231175457686968
T9A,A10G,0.246723586827541
T9A,A10T,0.2350692780943
T9A,C11A,-0.0293031143227655
T9A,C11G,0.220344893839366
T9A,C11T,0.220206460141581
T9A,T12A,0.243302454964144
T9A,T12C,0.229372743426536
T9A,T12G,0.251549547119376
T9A,WT,0.120821976424583
T9C,T1A,0.245255376788225
T9C,T1C,0.248685563727156
T9C,T1G,0.247671316788265
T9C,T2A,0.239276617240253
T9C,T2C,0.246191580884628
T9C,T2G,0.239858849590927
T9C,G3A,0.250821121631572
T9C,G3C,0.256757499567939
T9C,G3T,0.251883458612037
T9C,A4C,0.269195009357422
T9C,A4G,0.252311393398039
T9C,A4T,0.253348708135479
T9C,C5A,0.244367540760553
T9C,C5G,0.252328291704478
T9C,C5T,0.24126899468774
T9C,A6C,0.237422632687609
T9C,A6G,0.232699657420458
T9C,A6T,0.1410110900228
T9C,G7A,0.235835737087235
T9C,G7C,0.0981888287846376
T9C,G7T,-0.0853173192148701
T9C,A8C,0.246437318616697
T9C,A8G,0.253340196020352
T9C,A8T,0.249951908731165
T9C,T9A,0.220411703356948
T9C,T9C,0.234646083082252
T9C,T9G,0.234604948846249
T9C,A10C,0.238490801692997
T9C,A10G,0.243689450867116
T9C,A10T,0.243350055671591
T9C,C11A,-0.00260259051920945
T9C,C11G,0.226246371281659
T9C,C11T,0.22784831693334
T9C,T12A,0.253095178926894
T9C,T12C,0.244248657271221
T9C,T12G,0.254078270607625
T9C,WT,0.132112010555822
T9G,T1A,0.246573443679418
T9G,T1C,0.253340196020352
T9G,T1G,0.234683910494021
T9G,T2A,0.239860721784979
T9G,T2C,0.245096917987396
T9G,T2G,0.241630900889808
T9G,G3A,0.250565104357287
T9G,G3C,0.253340196020352
T9G,G3T,0.249201695807621
T9G,A4C,0.259505911698984
T9G,A4G,0.24221272752957
T9G,A4T,0.256778936222602
T9G,C5A,0.239387717857285
T9G,C5G,0.249959417933888
T9G,C5T,0.245260223065992
T9G,A6C,0.237967372301061
T9G,A6G,0.236597684339979
T9G,A6T,0.165074581283974
T9G,G7A,0.235788733232631
T9G,G7C,0.115880112183673
T9G,G7T,-0.168625042099862
T9G,A8C,0.244360045039388
T9G,A8G,0.250328435035875
T9G,A8T,0.254756069353952
T9G,T9A,0.225582141173964
T9G,T9C,0.233409726945753
T9G,T9G,0.232878788931556
T9G,A10C,0.242949612622144
T9G,A10G,0.254254973383519
T9G,A10T,0.248703416522016
T9G,C11A,0.051398101013916
T9G,C11G,0.235064475416481
T9G,C11T,0.237304551607631
T9G,T12A,0.245765920209335
T9G,T12C,0.249399534057669
T9G,T12G,0.247459341473456
T9G,WT,0.15210332757853
A10C,T1A,0.230176491391223
A10C,T1C,0.235993976447998
A10C,T1G,0.232869554753707
A10C,T2A,0.226554667846904
A10C,T2C,0.230245995467247
A10C,T2G,0.22845096909507
A10C,G3A,0.241166212678032
A10C,G3C,0.230962202667376
A10C,G3T,0.225156139088706
A10C,A4C,0.240054793667447
A10C,A4G,0.23471415505977
A10C,A4T,0.240600386503778
A10C,C5A,0.230840349022344
A10C,C5G,0.232484021309664
A10C,C5T,0.226697359228582
A10C,A6C,0.222963441766438
A10C,A6G,0.221449204409628
A10C,A6T,0.149351924782189
A10C,G7A,0.221214736440745
A10C,G7C,0.126179933192325
A10C,G7T,-0.0520432540328311
A10C,A8C,0.229189945729364
A10C,A8G,0.234484591659367
A10C,A8T,0.235408696810935
A10C,T9A,0.218077720232275
A10C,T9C,0.22593267325349
A10C,T9G,0.217709634896582
A10C,A10C,0.228838943317389
A10C,A10G,0.230835263192347
A10C,A10T,0.224169642628713
A10C,C11A,0.0361958643445613
A10C,C11G,0.215990200791838
A10C,C11T,0.210466634126617
A10C,T12A,0.239508936144835
A10C,T12C,0.232861042079887
A10C,T12G,0.228621590862059
A10C,WT,0.147721816108499
A10G,T1A,0.179901533289681
A10G,T1C,0.186652467417738
A10G,T1G,0.184571222247673
A10G,T2A,0.19099920031665
A10G,T2C,0.196223949729187
A10G,T2G,0.189376116472526
A10G,G3A,0.195245736388622
A10G,G3C,0.199039548330376
A10G,G3T,0.192926720295592
A10G,A4C,0.190409892417807
A10G,A4G,0.190738990400434
A10G,A4T,0.193075550652472
A10G,C5A,0.188607615297279
A10G,C5G,0.198856445020481
A10G,C5T,0.180734567599167
A10G,A6C,0.181897522784333
A10G,A6G,0.181748775568385
A10G,A6T,0.115168038383251
A10G,G7A,0.183916320609685
A10G,G7C,0.0895238351477169
A10G,G7T,-0.134446187042665
A10G,A8C,0.197512947258908
A10G,A8G,0.200397813416446
A10G,A8T,0.181331878344046
A10G,T9A,0.170919824164066
A10G,T9C,0.182781448139125
A10G,T9G,0.179821300610499
A10G,A10C,0.186216252601396
A10G,A10G,0.192702741118123
A10G,A10T,0.186025443849053
A10G,C11A,0.051398101013916
A10G,C11G,0.188113521242702
A10G,C11T,0.18769491326677
A10G,T12A,0.19045613327506
A10G,T12C,0.191598946544626
A10G,T12G,0.194159000635815
A10G,WT,0.121972069101885
A10T,T1A,0.17318088428647
A10T,T1C,0.166654823251975
A10T,T1G,0.165074581283974
A10T,T2A,0.159742508180396
A10T,T2C,0.164912596881408
A10T,T2G,0.150453828194232
A10T,G3A,0.164507428371625
A10T,G3C,0.175429361694172
A10T,G3T,0.171358192170178
A10T,A4C,0.172738169259706
A10T,A4G,0.170133091578604
A10T,A4T,0.164330280925455
A10T,C5A,0.178288093141239
A10T,C5G,0.166480270263183
A10T,C5T,0.157769858544612
A10T,A6C,0.167137357572761
A10T,A6G,0.149351924782189
A10T,A6T,0.119755811128309
A10T,G7A,0.155630989001942
A10T,G7C,0.0983448386729763
A10T,G7T,-0.0853173192148701
A10T,A8C,0.170483786926342
A10T,A8G,0.157709047903992
A10T,A8T,0.163114437642751
A10T,T9A,0.159742508180396
A10T,T9C,0.162078919287386
A10T,T9G,0.159742508180396
A10T,A10C,0.176309740058023
A10T,A10G,0.168360356653276
A10T,A10T,0.173419370856328
A10T,C11A,-0.0135575937411599
A10T,C11G,0.159742508180396
A10T,C11T,0.162976218517969
A10T,T12A,0.17953251759481
A10T,T12C,0.171889879963248
A10T,T12G,0.16706265900449
A10T,WT,0.113391065453992
C11A,T1A,-0.0344824076446044
C11A,T1C,-0.0477207225457293
C11A,T1G,-0.0430776878714748
C11A,T2A,-0.0501422754339299
C11A,T2C,-0.0453306221627827
C11A,T2G,-0.0422855296021871
C11A,G3A,-0.0123317536366531
C11A,G3C,-0.0329414492715196
C11A,G3T,-0.00912290581110346
C11A,A4C,0.0841765254816507
C11A,A4G,-0.0314147153447527
C11A,A4T,0.00102082056362127
C11A,C5A,-0.0334343709015782
C11A,C5G,-0.0297560191342583
C11A,C5T,-0.0356160130797473
C11A,A6C,-0.0541636404230276
C11A,A6G,-0.0453306221627827
C11A,A6T,-0.149477828696246
C11A,G7A,-0.077924514631689
C11A,G7C,-0.18785388438646
C11A,G7T,
C11A,A8C,-0.039900663860709
C11A,A8G,-0.0453306221627827
C11A,A8T,-0.0528510903846386
C11A,T9A,-0.0615340788976227
C11A,T9C,-0.0605328588321377
C11A,T9G,-0.0479966587145715
C11A,A10C,-0.0453306221627827
C11A,A10G,-0.00656902570226925
C11A,A10T,-0.0656652154050283
C11A,C11A,
C11A,C11G,-0.0656652154050282
C11A,C11T,-0.0853173192148701
C11A,T12A,-0.0127624084674595
C11A,T12C,-0.0285752930902585
C11A,T12G,-0.0147369832487113
C11A,WT,-0.145094025681371
C11G,T1A,0.253394101093784
C11G,T1C,0.247404417222412
C11G,T1G,0.243302454964144
C11G,T2A,0.24655851166328
C11G,T2C,0.246618906876929
C11G,T2G,0.243071225480983
C11G,G3A,0.257678244287685
C11G,G3C,0.255308711065967
C11G,G3T,0.233491239002153
C11G,A4C,0.268760087444549
C11G,A4G,0.246964142362026
C11G,A4T,0.264564421993614
C11G,C5A,0.246971051019058
C11G,C5G,0.252752033766561
C11G,C5T,0.247024380800717
C11G,A6C,0.240925970587511
C11G,A6G,0.230376665058386
C11G,A6T,0.154916746752768
C11G,G7A,0.238854802270079
C11G,G7C,0.108332555159362
C11G,G7T,-0.0892641982914744
C11G,A8C,0.251930409019678
C11G,A8G,0.248373505235097
C11G,A8T,0.251342554336354
C11G,T9A,0.231367423998462
C11G,T9C,0.229186951912254
C11G,T9G,0.239448278431356
C11G,A10C,0.237607542963882
C11G,A10G,0.254144872369172
C11G,A10T,0.245797935879787
C11G,C11A,0.0288872391348013
C11G,C11G,0.217844822483739
C11G,C11T,0.23676382213168
C11G,T12A,0.261065883509669
C11G,T12C,0.250106485682779
C11G,T12G,0.255758947686508
C11G,WT,0.146573731787445
C11T,T1A,0.248782716419254
C11T,T1C,0.251625405269712
C11T,T1G,0.250321860718479
C11T,T2A,0.243858841937188
C11T,T2C,0.249152739434279
C11T,T2G,0.244035861232208
C11T,G3A,0.247764786012237
C11T,G3C,0.253444639501023
C11T,G3T,0.253559656160909
C11T,A4C,0.26915194790617
C11T,A4G,0.24760966043778
C11T,A4T,0.262797222703508
C11T,C5A,0.247058405065118
C11T,C5G,0.262387907592246
C11T,C5T,0.244930827091591
C11T,A6C,0.239041104481901
C11T,A6G,0.238006436810573
C11T,A6T,0.155401592458821
C11T,G7A,0.236801664896317
C11T,G7C,0.112824048020771
C11T,G7T,-0.130636089370535
C11T,A8C,0.247095973783453
C11T,A8G,0.254776273495184
C11T,A8T,0.239319167892542
C11T,T9A,0.230847613950908
C11T,T9C,0.240886128919963
C11T,T9G,0.240908411728854
C11T,A10C,0.247234621204705
C11T,A10G,0.247671316788265
C11T,A10T,0.247897628930123
C11T,C11A,0.018643284936735
C11T,C11G,0.229149742170149
C11T,C11T,0.235745384356025
C11T,T12A,0.254880709469976
C11T,T12C,0.249514175617669
C11T,T12G,0.254937463510829
C11T,WT,0.14229610750301
T12A,T1A,0.0843285434486131
T12A,T1C,0.0797691140762219
T12A,T1G,0.0975731225693199
T12A,T2A,0.0819853720497977
T12A,T2C,0.0936568127749695
T12A,T2G,0.0785929462791327
T12A,G3A,0.0802083991205395
T12A,G3C,0.0913847980660032
T12A,G3T,0.0825473070709651
T12A,A4C,0.0888231130163722
T12A,A4G,0.0879241156388564
T12A,A4T,0.0948427301314679
T12A,C5A,0.0820788058127208
T12A,C5G,0.0803816643720087
T12A,C5T,0.0871971102457278
T12A,A6C,0.0845807673473691
T12A,A6G,0.0843375629592829
T12A,A6T,0.0491011017557639
T12A,G7A,0.0768477870514346
T12A,G7C,0.0428170973660236
T12A,G7T,
T12A,A8C,0.0876415379904844
T12A,A8G,0.0913847980660033
T12A,A8T,0.074910036264902
T12A,T9A,0.0660286730327163
T12A,T9C,0.080804925895253
T12A,T9G,0.0819853720497977
T12A,A10C,0.0760569316097254
T12A,A10G,0.0878470493328049
T12A,A10T,0.0797691140762219
T12A,C11A,-0.0453306221627829
T12A,C11G,0.0807265908145809
T12A,C11T,0.0710360374153299
T12A,T12A,0.0802922947694856
T12A,T12C,0.0875109162857714
T12A,T12G,0.101404479615092
T12A,WT,0.0484540218078331
T12C,T1A,0.0290792522885228
T12C,T1C,0.0321087016322453
T12C,T1G,0.0334176713498179
T12C,T2A,0.0303355664677563
T12C,T2C,0.0342034868970741
T12C,T2G,0.0215977222280771
T12C,G3A,0.0490775391391434
T12C,G3C,0.0435043428607073
T12C,G3T,0.0299913450733019
T12C,A4C,0.0404291034685291
T12C,A4G,0.0630137850036974
T12C,A4T,0.0266912059364907
T12C,C5A,0.0361958643445611
T12C,C5G,0.0497679923402267
T12C,C5T,0.0489012757689171
T12C,A6C,0.0280855982462405
T12C,A6G,0.0410075176157084
T12C,A6T,0.00102082056362127
T12C,G7A,0.0252942988218961
T12C,G7C,0.0190012502277192
T12C,G7T,-0.135694599665165
T12C,A8C,0.0450333553395995
T12C,A8G,0.050517547887683
T12C,A8T,0.0316080915995027
T12C,T9A,0.0276549434154341
T12C,T9C,0.0361958643445611
T12C,T9G,0.0230270879516103
T12C,A10C,0.0303355664677563
T12C,A10G,0.0335769942968056
T12C,A10T,0.0356569555411987
T12C,C11A,-0.0513093817107547
T12C,C11G,0.0170483284036384
T12C,C11T,0.029391833625927
T12C,T12A,0.0334176713498179
T12C,T12C,0.0410075176157084
T12C,T12G,0.0356569555411988
T12C,WT,0.00782485128225538
T12G,T1A,0.0403949673199215
T12G,T1C,0.0297584499221557
T12G,T1G,0.0314047524878725
T12G,T2A,0.0143804958669031
T12G,T2C,0.0258455501725151
T12G,T2G,0.0230270879516103
T12G,G3A,0.0230270879516101
T12G,G3C,0.0377738072781353
T12G,G3T,-0.00837860545258459
T12G,A4C,0.0238036341531951
T12G,A4G,0.0630137850036974
T12G,A4T,0.0230270879516103
T12G,C5A,0.0303355664677563
T12G,C5G,0.0230270879516103
T12G,C5T,0.0230270879516101
T12G,A6C,0.0343494879268085
T12G,A6G,0.0266136406311836
T12G,A6T,-0.0483200019367688
T12G,G7A,0.0255497898841248
T12G,G7C,-0.0321618457698319
T12G,G7T,-0.0853173192148701
T12G,A8C,0.0321716367584585
T12G,A8G,0.0403949673199215
T12G,A8T,0.0455952903607668
T12G,T9A,0.0336586231797868
T12G,T9C,0.0230270879516101
T12G,T9G,0.0384947873098914
T12G,A10C,0.0114114039618289
T12G,A10G,0.0252942988218961
T12G,A10T,0.0114114039618289
T12G,C11A,-0.0720366025588748
T12G,C11G,0.0334176713498181
T12G,C11T,0.00846732475574593
T12G,T12A,0.0344503439205572
T12G,T12C,0.0410075176157084
T12G,T12G,0.0323264552991226
T12G,WT,-0.00284709986569653
WT,T1A,0.113391065453993
WT,T1C,0.112766231287416
WT,T1G,0.108332555159362
WT,T2A,0.0995834799567734
WT,T2C,0.116826236897973
WT,T2G,0.108590811943547
WT,G3A,0.145052580867758
WT,G3C,0.145065679846465
WT,G3T,0.13137149511809
WT,A4C,0.216407936763768
WT,A4G,0.123953011761326
WT,A4T,0.159742508180396
WT,C5A,0.119755811128309
WT,C5G,0.137442811380904
WT,C5T,0.114944157857162
WT,A6C,0.0952527184953211
WT,A6G,0.0877542287245127
WT,A6T,-0.0248533672536857
WT,G7A,0.0837836797313259
WT,G7C,-0.0569463061525642
WT,G7T,
WT,A8C,0.115558610495292
WT,A8G,0.120195096172627
WT,A8T,0.112908818383559
WT,T9A,0.0693785306780143
WT,T9C,0.0962760151408921
WT,T9G,0.0865731447948562
WT,A10C,0.101624844564962
WT,A10G,0.14063256776546
WT,A10T,0.100247970712393
WT,C11A,-0.158539011844504
WT,C11G,0.0745578239998531
WT,C11T,0.0761825613966484
WT,T12A,0.145424755730249
WT,T12C,0.112835723092377
WT,T12G,0.152112392688344
